Name, Price, Link, Img
Apple iPhone 11 128Gb,16775,https://www.gsmshop.md/product/view/apple-iphone-11-128gb-black.html,https://www.gsmshop.md/images/products/apple_iphone_11_128gb_black/iphone-11-black.jpg
Apple iPhone 11 128Gb,16775,https://www.gsmshop.md/product/view/apple-iphone-11-128gb-green.html,https://www.gsmshop.md/images/products/apple_iphone_11_128gb_green/iphone-11-green.jpg
Apple iPhone 11 128Gb,15499,https://www.gsmshop.md/product/view/apple-iphone-11-128gb-purple.html,https://www.gsmshop.md/images/products/apple_iphone_11_128gb_purple/iphone-11-purple.jpg
Apple iPhone 11 128Gb,16775,https://www.gsmshop.md/product/view/apple-iphone-11-128gb-red.html,https://www.gsmshop.md/images/products/apple_iphone_11_128gb_red/iphone-11-red.jpg
Apple iPhone 11 128Gb,16775,https://www.gsmshop.md/product/view/apple-iphone-11-128gb-white.html,https://www.gsmshop.md/images/products/apple_iphone_11_128gb_white/iphone-11-white.jpg
Apple iPhone 11 128Gb,16775,https://www.gsmshop.md/product/view/apple-iphone-11-128gb-yellow.html,https://www.gsmshop.md/images/products/apple_iphone_11_128gb_yellow/iphone-11-yellow.jpg
Apple iPhone 11 64Gb,14867,https://www.gsmshop.md/product/view/apple-iphone-11-64gb-black.html,https://www.gsmshop.md/images/products/apple_iphone_11_64gb_black/iphone-11-black.jpg
Apple iPhone 11 64Gb,14867,https://www.gsmshop.md/product/view/apple-iphone-11-64gb-green.html,https://www.gsmshop.md/images/products/apple_iphone_11_64gb_green/iphone-11-green.jpg
Apple iPhone 11 64Gb,14867,https://www.gsmshop.md/product/view/apple-iphone-11-64gb-purple.html,https://www.gsmshop.md/images/products/apple_iphone_11_64gb_purple/iphone-11-purple.jpg
Apple iPhone 11 64Gb,14867,https://www.gsmshop.md/product/view/apple-iphone-11-64gb-red.html,https://www.gsmshop.md/images/products/apple_iphone_11_64gb_red/iphone-11-red.jpg
Apple iPhone 11 64Gb,14867,https://www.gsmshop.md/product/view/apple-iphone-11-64gb-white.html,https://www.gsmshop.md/images/products/apple_iphone_11_64gb_white/iphone-11-white.jpg
Apple iPhone 11 64Gb,14867,https://www.gsmshop.md/product/view/apple-iphone-11-64gb-yellow.html,https://www.gsmshop.md/images/products/apple_iphone_11_64gb_yellow/iphone-11-yellow.jpg
Apple iPhone 11 Pro 256Gb,23455,https://www.gsmshop.md/product/view/apple-iphone-11-pro-256gb-gold.html,https://www.gsmshop.md/images/products/apple_iphone_11_pro_256gb_gold/iphone-11-pro-gold.png
Apple iPhone 11 Pro 256Gb Midnight,23455,https://www.gsmshop.md/product/view/apple-iphone-11-pro-256gb-midnight-green.html,https://www.gsmshop.md/images/products/apple_iphone_11_pro_256gb_midnight_green/iphone-11-pro-green.png
Apple iPhone 11 Pro 256Gb,23455,https://www.gsmshop.md/product/view/apple-iphone-11-pro-256gb-silver.html,https://www.gsmshop.md/images/products/apple_iphone_11_pro_256gb_silver/iphone-11-pro-silver.png
Apple iPhone 11 Pro 256Gb,23455,https://www.gsmshop.md/product/view/apple-iphone-11-pro-256gb-space-grey.html,https://www.gsmshop.md/images/products/apple_iphone_11_pro_256gb_space_grey/iphone-11-pro-space-grey.png
Apple iPhone 11 Pro 512Gb,24323,https://www.gsmshop.md/product/view/apple-iphone-11-pro-512gb-gold.html,https://www.gsmshop.md/images/products/apple_iphone_11_pro_512gb_gold/iphone-11-pro-gold.png
Apple iPhone 11 Pro 512Gb Midnight,24323,https://www.gsmshop.md/product/view/apple-iphone-11-pro-512gb-midnight-green.html,https://www.gsmshop.md/images/products/apple_iphone_11_pro_512gb_midnight_green/iphone-11-pro-green.png
Apple iPhone 11 Pro 512Gb,24323,https://www.gsmshop.md/product/view/apple-iphone-11-pro-512gb-space-grey.html,https://www.gsmshop.md/images/products/apple_iphone_11_pro_512gb_space_grey/iphone-11-pro-space-grey.png
Apple iPhone 11 Pro 64Gb,19199,https://www.gsmshop.md/product/view/apple-iphone-11-pro-64gb-gold.html,https://www.gsmshop.md/images/products/apple_iphone_11_pro_64gb_gold/iphone-11-pro-gold.png
Apple iPhone 11 Pro 64Gb Midnight,19199,https://www.gsmshop.md/product/view/apple-iphone-11-pro-64gb-midnight-green.html,https://www.gsmshop.md/images/products/apple_iphone_11_pro_64gb_midnight_green/iphone-11-pro-green.png
Apple iPhone 11 Pro 64Gb,20592,https://www.gsmshop.md/product/view/apple-iphone-11-pro-64gb-silver.html,https://www.gsmshop.md/images/products/apple_iphone_11_pro_64gb_silver/iphone-11-pro-silver.png
Apple iPhone 11 Pro 64Gb,18599,https://www.gsmshop.md/product/view/apple-iphone-11-pro-64gb-space-grey.html,https://www.gsmshop.md/images/products/apple_iphone_11_pro_64gb_space_grey/iphone-11-pro-space-grey.png
Apple iPhone 11 Pro Max 256Gb,25537,https://www.gsmshop.md/product/view/apple-iphone-11-pro-max-256gb-gold.html,https://www.gsmshop.md/images/products/apple_iphone_11_pro_max_256gb_gold/iphone-11-pro-gold.png
Apple iPhone 11 Pro Max 256Gb Midnight,25537,https://www.gsmshop.md/product/view/apple-iphone-11-pro-max-256gb-midnight-green.html,https://www.gsmshop.md/images/products/apple_iphone_11_pro_max_256gb_midnight_green/iphone-11-pro-green.png
Apple iPhone 11 Pro Max 256Gb,25537,https://www.gsmshop.md/product/view/apple-iphone-11-pro-max-256gb-silver.html,https://www.gsmshop.md/images/products/apple_iphone_11_pro_max_256gb_silver/iphone-11-pro-silver.png
Apple iPhone 11 Pro Max 256Gb,25537,https://www.gsmshop.md/product/view/apple-iphone-11-pro-max-256gb-space-grey.html,https://www.gsmshop.md/images/products/apple_iphone_11_pro_max_256gb_space_grey/iphone-11-pro-space-grey.png
Apple iPhone 11 Pro Max 512Gb Midnight,29007,https://www.gsmshop.md/product/view/apple-iphone-11-pro-max-512gb-midnight-green.html,https://www.gsmshop.md/images/products/apple_iphone_11_pro_max_512gb_midnight_green/iphone-11-pro-green.png
Apple iPhone 11 Pro Max 64Gb,21199,https://www.gsmshop.md/product/view/apple-iphone-11-pro-max-64gb-gold.html,https://www.gsmshop.md/images/products/apple_iphone_11_pro_max_64gb_gold/iphone-11-pro-gold.png
Apple iPhone 11 Pro Max 64Gb Midnight,20852,https://www.gsmshop.md/product/view/apple-iphone-11-pro-max-64gb-midnight-green.html,https://www.gsmshop.md/images/products/apple_iphone_11_pro_max_64gb_midnight_green/iphone-11-pro-green.png
Apple iPhone 11 Pro Max 64Gb,21199,https://www.gsmshop.md/product/view/apple-iphone-11-pro-max-64gb-silver.html,https://www.gsmshop.md/images/products/apple_iphone_11_pro_max_64gb_silver/iphone-11-pro-silver.png
Apple iPhone 11 Pro Max 64Gb,21199,https://www.gsmshop.md/product/view/apple-iphone-11-pro-max-64gb-space-grey.html,https://www.gsmshop.md/images/products/apple_iphone_11_pro_max_64gb_space_grey/iphone-11-pro-space-grey.png
Apple iPhone 12 128Gb,19499,https://www.gsmshop.md/product/view/apple-iphone-12-128gb-black.html,https://www.gsmshop.md/images/products/apple_iphone_12_128gb_black/iphone-12-black.jpg
Apple iPhone 12 128Gb,19499,https://www.gsmshop.md/product/view/apple-iphone-12-128gb-blue.html,https://www.gsmshop.md/images/products/apple_iphone_12_128gb_blue/iphone-12-blue.jpg
Apple iPhone 12 128Gb,21199,https://www.gsmshop.md/product/view/apple-iphone-12-128gb-green.html,https://www.gsmshop.md/images/products/apple_iphone_12_128gb_green/iphone-12-green.jpg
Apple iPhone 12 128Gb,19499,https://www.gsmshop.md/product/view/apple-iphone-12-128gb-red.html,https://www.gsmshop.md/images/products/apple_iphone_12_128gb_red/iphone-12-red.jpg
Apple iPhone 12 128Gb,21199,https://www.gsmshop.md/product/view/apple-iphone-12-128gb-white.html,https://www.gsmshop.md/images/products/apple_iphone_12_128gb_white/iphone-12-white.jpg
Apple iPhone 12 256Gb,21720,https://www.gsmshop.md/product/view/apple-iphone-12-256gb-black.html,https://www.gsmshop.md/images/products/apple_iphone_12_256gb_black/iphone-12-black.jpg
Apple iPhone 12 256Gb,21720,https://www.gsmshop.md/product/view/apple-iphone-12-256gb-blue.html,https://www.gsmshop.md/images/products/apple_iphone_12_256gb_blue/iphone-12-blue.jpg
Apple iPhone 12 256Gb,22414,https://www.gsmshop.md/product/view/apple-iphone-12-256gb-green.html,https://www.gsmshop.md/images/products/apple_iphone_12_256gb_green/iphone-12-green.jpg
Apple iPhone 12 256Gb,22414,https://www.gsmshop.md/product/view/apple-iphone-12-256gb-red.html,https://www.gsmshop.md/images/products/apple_iphone_12_256gb_red/iphone-12-red.jpg
Apple iPhone 12 256Gb,22414,https://www.gsmshop.md/product/view/apple-iphone-12-256gb-white.html,https://www.gsmshop.md/images/products/apple_iphone_12_256gb_white/iphone-12-white.jpg
Apple iPhone 12 64Gb,17799,https://www.gsmshop.md/product/view/apple-iphone-12-64gb-black.html,https://www.gsmshop.md/images/products/apple_iphone_12_64gb_black/iphone-12-black.jpg
Apple iPhone 12 64Gb,18597,https://www.gsmshop.md/product/view/apple-iphone-12-64gb-blue.html,https://www.gsmshop.md/images/products/apple_iphone_12_64gb_blue/iphone-12-blue.jpg
Apple iPhone 12 64Gb,19117,https://www.gsmshop.md/product/view/apple-iphone-12-64gb-green.html,https://www.gsmshop.md/images/products/apple_iphone_12_64gb_green/iphone-12-green.jpg
Apple iPhone 12 64Gb,19117,https://www.gsmshop.md/product/view/apple-iphone-12-64gb-red.html,https://www.gsmshop.md/images/products/apple_iphone_12_64gb_red/iphone-12-red.jpg
Apple iPhone 12 64Gb,19117,https://www.gsmshop.md/product/view/apple-iphone-12-64gb-white.html,https://www.gsmshop.md/images/products/apple_iphone_12_64gb_white/iphone-12-white.jpg
Apple iPhone 12 Mini 128Gb,18770,https://www.gsmshop.md/product/view/apple-iphone-12-mini-128gb-black.html,https://www.gsmshop.md/images/products/apple_iphone_12_mini_128gb_black/iphone-12-black.jpg
Apple iPhone 12 Mini 128Gb,18770,https://www.gsmshop.md/product/view/apple-iphone-12-mini-128gb-blue.html,https://www.gsmshop.md/images/products/apple_iphone_12_mini_128gb_blue/iphone-12-blue.jpg
Apple iPhone 12 Mini 128Gb,18770,https://www.gsmshop.md/product/view/apple-iphone-12-mini-128gb-green.html,https://www.gsmshop.md/images/products/apple_iphone_12_mini_128gb_green/iphone-12-green.jpg
Apple iPhone 12 Mini 128Gb,16999,https://www.gsmshop.md/product/view/apple-iphone-12-mini-128gb-red.html,https://www.gsmshop.md/images/products/apple_iphone_12_mini_128gb_red/iphone-12-red.jpg
Apple iPhone 12 Mini 128Gb,18770,https://www.gsmshop.md/product/view/apple-iphone-12-mini-128gb-white.html,https://www.gsmshop.md/images/products/apple_iphone_12_mini_128gb_white/iphone-12-white.jpg
Apple iPhone 12 Mini 64Gb,15999,https://www.gsmshop.md/product/view/apple-iphone-12-mini-64gb-black.html,https://www.gsmshop.md/images/products/apple_iphone_12_mini_64gb_black/iphone-12-black.jpg
Apple iPhone 12 Mini 64Gb,17556,https://www.gsmshop.md/product/view/apple-iphone-12-mini-64gb-blue.html,https://www.gsmshop.md/images/products/apple_iphone_12_mini_64gb_blue/iphone-12-blue.jpg
Apple iPhone 12 Mini 64Gb,17556,https://www.gsmshop.md/product/view/apple-iphone-12-mini-64gb-green.html,https://www.gsmshop.md/images/products/apple_iphone_12_mini_64gb_green/iphone-12-green.jpg
Apple iPhone 12 Mini 64Gb,17556,https://www.gsmshop.md/product/view/apple-iphone-12-mini-64gb-red.html,https://www.gsmshop.md/images/products/apple_iphone_12_mini_64gb_red/iphone-12-red.jpg
Apple iPhone 12 Mini 64Gb,17556,https://www.gsmshop.md/product/view/apple-iphone-12-mini-64gb-white.html,https://www.gsmshop.md/images/products/apple_iphone_12_mini_64gb_white/iphone-12-white.jpg
Apple iPhone 12 Pro 128Gb,27793,https://www.gsmshop.md/product/view/apple-iphone-12-pro-128gb-blue.html,https://www.gsmshop.md/images/products/apple_iphone_12_pro_128gb_blue/apple-iphone-12-pro-blue.jpg
Apple iPhone 12 Pro 128Gb,26599,https://www.gsmshop.md/product/view/apple-iphone-12-pro-128gb-gold.html,https://www.gsmshop.md/images/products/apple_iphone_12_pro_128gb_gold/apple-iphone-12-pro-gold.jpg
Apple iPhone 12 Pro 128Gb,27793,https://www.gsmshop.md/product/view/apple-iphone-12-pro-128gb-graphite.html,https://www.gsmshop.md/images/products/apple_iphone_12_pro_128gb_graphite/apple-iphone-12-pro-graphite.jpg
Apple iPhone 12 Pro 256Gb,30916,https://www.gsmshop.md/product/view/apple-iphone-12-pro-256gb-blue.html,https://www.gsmshop.md/images/products/apple_iphone_12_pro_256gb_blue/apple-iphone-12-pro-blue.jpg
Apple iPhone 12 Pro 256Gb,30916,https://www.gsmshop.md/product/view/apple-iphone-12-pro-256gb-gold.html,https://www.gsmshop.md/images/products/apple_iphone_12_pro_256gb_gold/apple-iphone-12-pro-gold.jpg
Apple iPhone 12 Pro 256Gb,30916,https://www.gsmshop.md/product/view/apple-iphone-12-pro-256gb-graphite.html,https://www.gsmshop.md/images/products/apple_iphone_12_pro_256gb_graphite/apple-iphone-12-pro-graphite.jpg
Apple iPhone 12 Pro 256Gb,30916,https://www.gsmshop.md/product/view/apple-iphone-12-pro-256gb-silver.html,https://www.gsmshop.md/images/products/apple_iphone_12_pro_256gb_silver/apple-iphone-12-pro-silver.jpg
Apple iPhone 12 Pro 512Gb,32997,https://www.gsmshop.md/product/view/apple-iphone-12-pro-512gb-blue.html,https://www.gsmshop.md/images/products/apple_iphone_12_pro_512gb_blue/apple-iphone-12-pro-blue.jpg
Apple iPhone 12 Pro 512Gb,33865,https://www.gsmshop.md/product/view/apple-iphone-12-pro-512gb-gold.html,https://www.gsmshop.md/images/products/apple_iphone_12_pro_512gb_gold/apple-iphone-12-pro-gold.jpg
Apple iPhone 12 Pro 512Gb,33865,https://www.gsmshop.md/product/view/apple-iphone-12-pro-512gb-graphite.html,https://www.gsmshop.md/images/products/apple_iphone_12_pro_512gb_graphite/apple-iphone-12-pro-graphite.jpg
Apple iPhone 12 Pro 512Gb,33865,https://www.gsmshop.md/product/view/apple-iphone-12-pro-512gb-silver.html,https://www.gsmshop.md/images/products/apple_iphone_12_pro_512gb_silver/apple-iphone-12-pro-silver.jpg
Apple iPhone 12 Pro Max 128Gb,27999,https://www.gsmshop.md/product/view/apple-iphone-12-pro-max-128gb-blue.html,https://www.gsmshop.md/images/products/apple_iphone_12_pro_max_128gb_blue/apple-iphone-12-pro-max-blue.jpg
Apple iPhone 12 Pro Max 128Gb,29528,https://www.gsmshop.md/product/view/apple-iphone-12-pro-max-128gb-gold.html,https://www.gsmshop.md/images/products/apple_iphone_12_pro_max_128gb_gold/apple-iphone-12-pro-max-gold.jpg
Apple iPhone 12 Pro Max 128Gb,27999,https://www.gsmshop.md/product/view/apple-iphone-12-pro-max-128gb-graphite.html,https://www.gsmshop.md/images/products/apple_iphone_12_pro_max_128gb_graphite/apple-iphone-12-pro-max-128gb-graphite.jpg
Apple iPhone 12 Pro Max 128Gb,27999,https://www.gsmshop.md/product/view/apple-iphone-12-pro-max-128gb-silver.html,https://www.gsmshop.md/images/products/apple_iphone_12_pro_max_128gb_silver/apple-iphone-12-pro-max-silver.jpg
Apple iPhone 12 Pro Max 256Gb,29999,https://www.gsmshop.md/product/view/apple-iphone-12-pro-max-256gb-blue.html,https://www.gsmshop.md/images/products/apple_iphone_12_pro_max_256gb_blue/apple-iphone-12-pro-max-blue.jpg
Apple iPhone 12 Pro Max 256Gb,29999,https://www.gsmshop.md/product/view/apple-iphone-12-pro-max-256gb-gold.html,https://www.gsmshop.md/images/products/apple_iphone_12_pro_max_256gb_gold/apple-iphone-12-pro-max-gold.jpg
Apple iPhone 12 Pro Max 256Gb,33865,https://www.gsmshop.md/product/view/apple-iphone-12-pro-max-256gb-graphite.html,https://www.gsmshop.md/images/products/apple_iphone_12_pro_max_256gb_graphite/apple-iphone-12-pro-max-graphite.jpg
Apple iPhone 12 Pro Max 256Gb,33865,https://www.gsmshop.md/product/view/apple-iphone-12-pro-max-256gb-silver.html,https://www.gsmshop.md/images/products/apple_iphone_12_pro_max_256gb_silver/apple-iphone-12-pro-max-silver.jpg
Apple iPhone 12 Pro Max 512Gb,36467,https://www.gsmshop.md/product/view/apple-iphone-12-pro-max-512gb-blue.html,https://www.gsmshop.md/images/products/apple_iphone_12_pro_max_512gb_blue/apple-iphone-12-pro-max-blue.jpg
Apple iPhone 12 Pro Max 512Gb,39070,https://www.gsmshop.md/product/view/apple-iphone-12-pro-max-512gb-gold.html,https://www.gsmshop.md/images/products/apple_iphone_12_pro_max_512gb_gold/apple-iphone-12-pro-max-gold.jpg
Apple iPhone 12 Pro Max 512Gb,39070,https://www.gsmshop.md/product/view/apple-iphone-12-pro-max-512gb-graphite.html,https://www.gsmshop.md/images/products/apple_iphone_12_pro_max_512gb_graphite/apple-iphone-12-pro-max-graphite.jpg
Apple iPhone 12 Pro Max 512Gb,39070,https://www.gsmshop.md/product/view/apple-iphone-12-pro-max-512gb-silver.html,https://www.gsmshop.md/images/products/apple_iphone_12_pro_max_512gb_silver/apple-iphone-12-pro-max-silver.jpg
Apple iPhone 7 128Gb,8707,https://www.gsmshop.md/product/view/iPhone-7-128gb-Red.html,https://www.gsmshop.md/images/products/GSM_Phones/iPhone/7/iphone 7 red.jpg
Apple iPhone 7 256Gb,9401,https://www.gsmshop.md/product/view/iPhone-7-256gb-Red.html,https://www.gsmshop.md/images/products/GSM_Phones/iPhone/7/iphone 7 red.jpg
Apple iPhone 7 256Gb Rose,9401,https://www.gsmshop.md/product/view/iPhone-7-256gb-Rose-Gold.html,https://www.gsmshop.md/images/products/GSM_Phones/iPhone/7/iphone 7 rose gold in moldova.png
Apple iPhone 7 256Gb,9401,https://www.gsmshop.md/product/view/iPhone-7-256gb-Silver.html,https://www.gsmshop.md/images/products/GSM_Phones/iPhone/7/iphone 7 silver in moldova.png
Apple iPhone 7 32Gb,7499,https://www.gsmshop.md/product/view/iPhone-7-32gb-Black.html,https://www.gsmshop.md/images/products/GSM_Phones/iPhone/7/iphone 7 black in moldova.png
Apple iPhone SE 2 128Gb,11223,https://www.gsmshop.md/product/view/apple-iphone-se-2-128gb-black.html,https://www.gsmshop.md/images/products/apple_iphone_se_2_128gb_black/iphone-se-2-pret.jpg
Apple iPhone SE 2 128Gb,11223,https://www.gsmshop.md/product/view/apple-iphone-se-2-128gb-red.html,https://www.gsmshop.md/images/products/apple_iphone_se_2_128gb_red/iphone-se-2-Кишинёв.jpg
Apple iPhone SE 2 128Gb,11223,https://www.gsmshop.md/product/view/apple-iphone-se-2-128gb-white.html,https://www.gsmshop.md/images/products/apple_iphone_se_2_128gb_white/iphone-se-2-moldova.jpg
Apple iPhone SE 2 64Gb,9401,https://www.gsmshop.md/product/view/apple-iphone-se-2-64gb-black.html,https://www.gsmshop.md/images/products/apple_iphone_se_2_64gb_black/iphone-se-2-2020.jpg
Apple iPhone SE 2 64Gb,9401,https://www.gsmshop.md/product/view/apple-iphone-se-2-64gb-red.html,https://www.gsmshop.md/images/products/apple_iphone_se_2_64gb_red/iphone-se-2-md.jpg
Apple iPhone SE 2 64Gb,9401,https://www.gsmshop.md/product/view/apple-iphone-se-2-64gb-white.html,https://www.gsmshop.md/images/products/apple_iphone_se_2_64gb_white/iphone-se-2-cumpara.jpg
Apple iPhone X 64Gb,12785,https://www.gsmshop.md/product/view/iPhone-X-64gb-Silver.html,https://www.gsmshop.md/images/products/GSM_Phones/iPhone/X/iphone x Молдова.jpg
Apple iPhone Xr 128Gb,13219,https://www.gsmshop.md/product/view/apple-iphone-xr-128gb-black.html,https://www.gsmshop.md/images/products/apple_iphone_xr_128gb_black/iphone-xr-128gb.jpg
Apple iPhone Xr 128Gb Coral,13913,https://www.gsmshop.md/product/view/apple-iphone-xr-128gb-coral.html,https://www.gsmshop.md/images/products/apple_iphone_xr_128gb_coral/iphone-xr-coral.jpg
Apple iPhone Xr 128Gb,13219,https://www.gsmshop.md/product/view/apple-iphone-xr-128gb-white.html,https://www.gsmshop.md/images/products/apple_iphone_xr_128gb_white/iphone-xr-white.jpg
Apple iPhone Xr 64Gb,12178,https://www.gsmshop.md/product/view/apple-iphone-xr-64gb-white.html,https://www.gsmshop.md/images/products/apple_iphone_xr_64gb_white/iphone-xr-white.jpg
Apple iPhone Xr 64Gb,12438,https://www.gsmshop.md/product/view/apple-iphone-xr-64gb-yellow.html,https://www.gsmshop.md/images/products/apple_iphone_xr_64gb_yellow/iphone-xr-yellow.jpg
Apple iPhone Xs Max 64Gb,17035,https://www.gsmshop.md/product/view/apple-iphone-xs-max-64gb-space-grey.html,https://www.gsmshop.md/images/products/apple_iphone_xs_max_64gb_space_grey/iphone-xs-max-Молдова.png
Asus ZenFone 3 ZE520KL Dual Sim,3499,https://www.gsmshop.md/product/view/Asus-ZenFone-3-32-ZE520KL-White.html,https://www.gsmshop.md/images/products/GSM_Phones/Asus/Zenfone_3/asus zenfone 3 moldova.jpg
BlackBerry Aurora,3954,https://www.gsmshop.md/product/view/blackberry-aurora-gold.html,https://www.gsmshop.md/images/products/blackberry_aurora_gold/blackberry-aurora-moldova.png
BlackBerry DTEK60,6220,https://www.gsmshop.md/product/view/BlackBerry-DTEK60-Black.html,https://www.gsmshop.md/images/products/GSM_Phones/BlackBerry/DTEK60/blackberry dtek60.jpg
BlackBerry Leap,2386,https://www.gsmshop.md/product/view/BlackBerry-leap-black.html,https://www.gsmshop.md/images/products/GSM_Phones/BlackBerry/Leap/blackberry leap black.jpeg
BlackBerry Z3,2821,https://www.gsmshop.md/product/view/BlackBerry-Z3-black.html,https://www.gsmshop.md/images/products/BlackBerry/Z3/blackberry z3.jpg
BlackBerry Z30,3693,https://www.gsmshop.md/product/view/BlackBerry-Z30-white.html,https://www.gsmshop.md/images/products/BlackBerry/Z30/blackberry z30 white.jpg
Google Pixel 4 XL 128Gb,14999,https://www.gsmshop.md/product/view/googlepixel4xl128gbwhite.html,https://www.gsmshop.md/images/products/googlepixel4xl128gbwhite/google-pixel-4-xl-white.jpg
Google Pixel XL 32Gb,5999,https://www.gsmshop.md/product/view/googlepixelxl32gbblack.html,https://www.gsmshop.md/images/products/googlepixelxl32gbblack/google-pixel-xl-chisinau.jpg
Hammer 3 3G,999,https://www.gsmshop.md/product/view/myphone-hammer-3-3g-orange.html,https://www.gsmshop.md/images/products/myphone_hammer_3_3g_orange/myphone-hammer-3-orange.jpg
Hammer 3 3G,999,https://www.gsmshop.md/product/view/myphone-hammer-3-3g-silver.html,https://www.gsmshop.md/images/products/myphone_hammer_3_3g_silver/myphone-hammer-3-silver.jpg
Hammer 3,799,https://www.gsmshop.md/product/view/myphone-hammer-3-black.html,https://www.gsmshop.md/images/products/GSM_Phones/Myphone/Hammer_3/myphone hammer 3 black.jpg
Hammer 3,799,https://www.gsmshop.md/product/view/myphone-hammer-3-orange.html,https://www.gsmshop.md/images/products/myphone_hammer_3_orange/myphone-hammer-3-orange.jpg
Hammer 3,799,https://www.gsmshop.md/product/view/myphone-hammer-3-silver.html,https://www.gsmshop.md/images/products/myphone_hammer_3_silver/myphone-hammer-3-silver.jpg
Hammer 4 3G,1199,https://www.gsmshop.md/product/view/myphone-hammer-4-3g-black.html,https://www.gsmshop.md/images/products/myphone_hammer_4_3g_black/myphone-hammer-4-black.jpg
Hammer 4,899,https://www.gsmshop.md/product/view/myphone-hammer-4-black.html,https://www.gsmshop.md/images/products/myphone_hammer_4_black/myphone-hammer-4-black.jpg
Hammer 4,899,https://www.gsmshop.md/product/view/myphone-hammer-4-red.html,https://www.gsmshop.md/images/products/myphone_hammer_4_red/myphone-hammer-4-red.jpg
Hammer 4,899,https://www.gsmshop.md/product/view/myphone-hammer-4-silver.html,https://www.gsmshop.md/images/products/myphone_hammer_4_silver/myphone-hammer-4-silver.jpg
Hammer 5 Smart,1299,https://www.gsmshop.md/product/view/hammer-5-smart-black.html,https://www.gsmshop.md/images/products/hammer_5_smart_black/hammer-5-smart-moldova.png
Hammer Blade 3,5199,https://www.gsmshop.md/product/view/hammerblade3black.html,https://www.gsmshop.md/images/products/hammerblade3black/hammer-blade-3-chisinau.jpg
Hammer Energy 2,3199,https://www.gsmshop.md/product/view/hammer-energy-2-black.html,https://www.gsmshop.md/images/products/hammer_energy_2_black/hammer-energy-2-silver.jpg
Hammer Energy 2,3199,https://www.gsmshop.md/product/view/hammer-energy-2-orange.html,https://www.gsmshop.md/images/products/hammer_energy_2_orange/hammer-energy-2-orange.png
Hammer Explorer,4199,https://www.gsmshop.md/product/view/hammer-explorer1.html,https://www.gsmshop.md/images/products/hammer_explorer1/hammer-explorer-orange.png
Hammer Explorer,4199,https://www.gsmshop.md/product/view/hammer-explorer.html,https://www.gsmshop.md/images/products/hammer_explorer/hammer-explorer-silver.png
Hammer Patriot,899,https://www.gsmshop.md/product/view/myphone-hammer-patriot.html,https://www.gsmshop.md/images/products/myphone_hammer_patriot/myphone-hammer-patriot.jpg
Hammer Patriot 3G,1049,https://www.gsmshop.md/product/view/myphone-hammer-patriot-3g.html,https://www.gsmshop.md/images/products/myphone_hammer_patriot_3g/myphone-hammer-patriot.jpg
Honor 20e 64Gb Dual Sim,3999,https://www.gsmshop.md/product/view/huaweihonor20e64gbdualsimblue.html,https://www.gsmshop.md/images/products/huaweihonor20e64gbdualsimblue/honor-20e-pret-chisinau_copy1.jpg
HTC Desire 728G Dual Sim,2821,https://www.gsmshop.md/product/view/desire-728G-DS-black.html,https://www.gsmshop.md/images/products/GSM_Phones/HTC/Desire_728/htc desire 728g black.png
HTC Desire 820 Mini Dual Sim,2386,https://www.gsmshop.md/product/view/desire-820-mini-grey.html,https://www.gsmshop.md/images/products/GSM_Phones/HTC/Desire_820/htc desire 820 mini in chisinau.jpg
HTC Desire 820 Mini Dual Sim,2386,https://www.gsmshop.md/product/view/desire-820-mini-white.html,https://www.gsmshop.md/images/products/GSM_Phones/HTC/Desire_820/htc desire 820 mini в Молдове.jpg
HTC Desire 820G+ Dual Sim,2734,https://www.gsmshop.md/product/view/desire-820-grey.html,https://www.gsmshop.md/images/products/HTC/Desire_820/htc desire 820 grey.jpg
HTC U11 128Gb,7004,https://www.gsmshop.md/product/view/htc-u11-128gb-red.html,https://www.gsmshop.md/images/products/htc_u11_128gb_red/htc-u11-red.jpg
Huawei Honor 7X 128Gb Dual Sim,3780,https://www.gsmshop.md/product/view/huawei-honor-7x-128gb-dual-sim-black.html,https://www.gsmshop.md/images/products/huawei_honor_7x_128gb_dual_sim_black/honor-7x-black.jpg
Huawei Mate 10 Pro 128Gb Dual Sim,6917,https://www.gsmshop.md/product/view/Huawei-mate10-pro-128-ds-blue.html,https://www.gsmshop.md/images/products/GSM_Phones/Huawei/Mate_10_Pro/huawei mate 10 pro moldova.jpg
Huawei Mate 20 Lite 64Gb Dual Sim,4564,https://www.gsmshop.md/product/view/huawei-mate-20-lite-64gb-dual-sim-black.html,https://www.gsmshop.md/images/products/huawei_mate_20_lite_64gb_dual_sim_black/huawei-mate-20-lite-black.jpg
Huawei Mate 20 Lite 64Gb Dual Sim,4564,https://www.gsmshop.md/product/view/huawei-mate-20-lite-64gb-dual-sim-bue.html,https://www.gsmshop.md/images/products/huawei_mate_20_lite_64gb_dual_sim_bue/huawei-mate-20-lite-md.jpg
Huawei Mate 20 Lite 64Gb Dual Sim,4564,https://www.gsmshop.md/product/view/huawei-mate-20-lite-64gb-dual-sim-gold.html,https://www.gsmshop.md/images/products/huawei_mate_20_lite_64gb_dual_sim_gold/huawei-mate-20-lite-64gb.jpg
Huawei Nova 5T 128Gb Dual Sim,6394,https://www.gsmshop.md/product/view/huawei-nova-5t-128gb-dual-sim-black.html,https://www.gsmshop.md/images/products/huawei_nova_5t_128gb_dual_sim_black/huawei-nova-5t-black.jpg
Huawei Nova 5T 128Gb Dual Sim,6569,https://www.gsmshop.md/product/view/huawei-nova-5t-128gb-dual-sim-blue.html,https://www.gsmshop.md/images/products/huawei_nova_5t_128gb_dual_sim_blue/huawei-nova-5t-blue.jpg
Huawei Nova 5T 128Gb Dual Sim,6656,https://www.gsmshop.md/product/view/huawei-nova-5t-128gb-dual-sim-purple.html,https://www.gsmshop.md/images/products/huawei_nova_5t_128gb_dual_sim_purple/huawei-nova-5t-purple.jpg
Huawei P Smart 2021 128Gb Dual Sim,4216,https://www.gsmshop.md/product/view/huaweipsmart2021128gbdualsimgreen.html,https://www.gsmshop.md/images/products/huaweipsmart2021128gbdualsimgreen/huawei-p-smart-2021-128gb.jpg
Huawei P Smart Plus 64Gb Dual Sim,3693,https://www.gsmshop.md/product/view/huawei-p-smart-plus-64gb-dual-sim-black.html,https://www.gsmshop.md/images/products/huawei_p_smart_plus_64gb_dual_sim_black/huawei-p-smart-plus-Кишинёв.jpg
Huawei P Smart Plus 64Gb Dual Sim,3693,https://www.gsmshop.md/product/view/huawei-p-smart-plus-64gb-dual-sim-white.html,https://www.gsmshop.md/images/products/huawei_p_smart_plus_64gb_dual_sim_white/huawei-p-smart-plus-64-gb.jpg
Huawei P Smart Z 64Gb,3518,https://www.gsmshop.md/product/view/huawei-p-smart-z-64gb-dual-sim-black.html,https://www.gsmshop.md/images/products/huawei_p_smart_z_64gb_dual_sim_black/huawei-p-smart-z-cumpara.jpg
Huawei P30 128Gb Dual Sim,9619,https://www.gsmshop.md/product/view/huawei-p30-128gb-dual-sim-black.html,https://www.gsmshop.md/images/products/huawei_p30_128gb_dual_sim_black/huawei-p30-black.jpg
Huawei P30 128Gb Dual Sim,8137,https://www.gsmshop.md/product/view/huawei-p30-128gb-dual-sim-blue.html,https://www.gsmshop.md/images/products/huawei_p30_128gb_dual_sim_blue/huawei-p30-blue.jpg
Huawei P30 128Gb Dual Sim,8137,https://www.gsmshop.md/product/view/huawei-p30-128gb-dual-sim-crystal.html,https://www.gsmshop.md/images/products/huawei_p30_128gb_dual_sim_crystal/huawei-p30-crystal.jpg
Huawei P30 Lite 128Gb Dual Sim,4913,https://www.gsmshop.md/product/view/huawei-p30-lite-128gb-dual-sim-black.html,https://www.gsmshop.md/images/products/huawei_p30_lite_128gb_dual_sim_black/huawei-p30-lite-black.jpg
Huawei P30 Lite 128Gb Dual Sim,4913,https://www.gsmshop.md/product/view/huawei-p30-lite-128gb-dual-sim-blue.html,https://www.gsmshop.md/images/products/huawei_p30_lite_128gb_dual_sim_blue/huawei-p30-lite-blue.jpg
Huawei P30 Lite 128Gb Dual Sim,3999,https://www.gsmshop.md/product/view/huawei-p30-lite-128gb-dual-sim-white.html,https://www.gsmshop.md/images/products/huawei_p30_lite_128gb_dual_sim_white/huawei-p30-lite-white-cumpara.jpg
Huawei P30 Pro 128Gb Dual Sim,11972,https://www.gsmshop.md/product/view/huawei-p30-pro-128gb-dual-sim-black.html,https://www.gsmshop.md/images/products/huawei_p30_pro_128gb_dual_sim_black/huawei-p30-pro.webp
Huawei P30 Pro 256Gb Dual Sim,13018,https://www.gsmshop.md/product/view/huawei-p30-pro-256gb-dual-sim-crystal.html,https://www.gsmshop.md/images/products/huawei_p30_pro_256gb_dual_sim_crystal/huawei-p30-pro-цена.webp
Huawei P40 5G 128Gb Dual Sim,9880,https://www.gsmshop.md/product/view/huaweip405g128gbdualsimblack.html,https://www.gsmshop.md/images/products/huaweip405g128gbdualsimblack/huawei-p40-5g.jpg
Huawei P40 5G 128Gb Dual Sim,9880,https://www.gsmshop.md/product/view/huaweip405g128gbdualsimgold.html,https://www.gsmshop.md/images/products/huaweip405g128gbdualsimgold/huawei-p40-купить.jpg
Huawei P40 Lite 128Gb Dual Sim,4826,https://www.gsmshop.md/product/view/huawei-p40-lite-128gb-dual-sim-black.html,https://www.gsmshop.md/images/products/huawei_p40_lite_128gb_dual_sim_black/huawei-p40-lite-black.jpg
Huawei P40 Lite 128Gb Dual Sim,5000,https://www.gsmshop.md/product/view/huawei-p40-lite-128gb-dual-sim-green.html,https://www.gsmshop.md/images/products/huawei_p40_lite_128gb_dual_sim_green/huawei-p40-lite-цена.jpg
Huawei P40 Lite 128Gb Dual Sim,5000,https://www.gsmshop.md/product/view/huawei-p40-lite-128gb-dual-sim-pink.html,https://www.gsmshop.md/images/products/huawei_p40_lite_128gb_dual_sim_pink/huawei-p40-lite-md.jpg
Huawei P40 Lite E 64Gb Dual Sim,3257,https://www.gsmshop.md/product/view/huawei-p40-lite-e-64gb-dual-sim-black.html,https://www.gsmshop.md/images/products/huawei_p40_lite_e_64gb_dual_sim_black/huawei-p40-lite-e.jpg
Huawei P40 Lite E 64Gb Dual Sim,3257,https://www.gsmshop.md/product/view/huawei-p40-lite-e-64gb-dual-sim-blue.html,https://www.gsmshop.md/images/products/huawei_p40_lite_e_64gb_dual_sim_blue/huawei-p40-lite-e-md.jpg
Huawei P40 Pro 256Gb Dual Sim,14848,https://www.gsmshop.md/product/view/huawei-p40-pro-256gb-dual-sim-black.html,https://www.gsmshop.md/images/products/huawei_p40_pro_256gb_dual_sim_black/huawei-p40-pro-купить-в-Кишинёве.jpg
Huawei Y6p 64Gb Dual Sim,2908,https://www.gsmshop.md/product/view/huawei-y6p-64gb-dual-sim-black.html,https://www.gsmshop.md/images/products/huawei_y6p_64gb_dual_sim_black/huawei-y6p-moldova.jpg
Huawei Y6p 64Gb Dual Sim,2908,https://www.gsmshop.md/product/view/huawei-y6p-64gb-dual-sim-green.html,https://www.gsmshop.md/images/products/huawei_y6p_64gb_dual_sim_green/huawei-y6p-Кишинёв.jpg
Huawei Y6p 64Gb Dual Sim,2908,https://www.gsmshop.md/product/view/huawei-y6p-64gb-dual-sim-purple.html,https://www.gsmshop.md/images/products/huawei_y6p_64gb_dual_sim_purple/huawei-y6p-цена.jpg
LG G4 H818N Dual Sim,4129,https://www.gsmshop.md/product/view/LG-H818N-Black.html,https://www.gsmshop.md/images/products/GSM_Phones/LG/G4/lg g4 in moldova.jpg
LG G4 H818N Dual Sim,4129,https://www.gsmshop.md/product/view/LG-H818N-Brown.html,https://www.gsmshop.md/images/products/GSM_Phones/LG/G4/lg g4 in moldova.jpg
LG G4 H818N Dual Sim,4129,https://www.gsmshop.md/product/view/LG-H818N-Red.html,https://www.gsmshop.md/images/products/GSM_Phones/LG/G4/lg g4 red leather.jpg
LG G5 H850,5261,https://www.gsmshop.md/product/view/LG-H850-Titan.html,https://www.gsmshop.md/images/products/GSM_Phones/LG/G5/lg g5 in moldova.jpg
LG G5 SE LTE,4826,https://www.gsmshop.md/product/view/LG-H840-Gold.html,https://www.gsmshop.md/images/products/GSM_Phones/LG/G5_SE/lg g5 se gold.jpg
LG G5 SE LTE,4826,https://www.gsmshop.md/product/view/LG-H840-Silver.html,https://www.gsmshop.md/images/products/GSM_Phones/LG/G5_SE/lg g5se silver.jpg
LG G5 SE LTE,4826,https://www.gsmshop.md/product/view/LG-H840-Titan.html,https://www.gsmshop.md/images/products/GSM_Phones/LG/G5_SE/lg g5 se 32gb titan.png
LG G6 32Gb H870 Dual Sim,7004,https://www.gsmshop.md/product/view/LG-H870-DS-Black.html,https://www.gsmshop.md/images/products/GSM_Phones/LG/G6/lg g6 black.jpg
LG G6 64Gb H870 Dual Sim Platinum,7179,https://www.gsmshop.md/product/view/LG-H870-DS-Platinum.html,https://www.gsmshop.md/images/products/GSM_Phones/LG/G6/lg g6 platinum.jpg
LG G6 64Gb H870 Dual Sim,7179,https://www.gsmshop.md/product/view/LG-H870-DS-64-White.html,https://www.gsmshop.md/images/products/GSM_Phones/LG/G6/lg g6 white.jpg
LG V30+ 128Gb Dual Sim Rose,7527,https://www.gsmshop.md/product/view/lg-v30-128gb-dual-sim-rose.html,https://www.gsmshop.md/images/products/lg_v30_128gb_dual_sim_rose/lg-v30+-rose.jpg
LG V30+ 128Gb Dual Sim Violet,7527,https://www.gsmshop.md/product/view/LG-H930DS-Violet.html,https://www.gsmshop.md/images/products/GSM_Phones/LG/V30_/lg v30+ violet.jpg
Meizu M6s 32Gb,2821,https://www.gsmshop.md/product/view/meizu-m6s-32gb-gold.html,https://www.gsmshop.md/images/products/meizu_m6s_32gb_gold/meizu-m6s-dual-sim.jpg
Meizu M6t 32Gb,2473,https://www.gsmshop.md/product/view/meizu-m6t-32gb-blue.html,https://www.gsmshop.md/images/products/meizu_m6t_32gb_blue/meizu-m6t-blue-cumpara.jpg
Meizu M6t 32Gb,2473,https://www.gsmshop.md/product/view/meizu-m6t-32gb-gold.html,https://www.gsmshop.md/images/products/meizu_m6t_32gb_gold/meizu-m6t-gold.jpg
Meizu M6t 32Gb,2473,https://www.gsmshop.md/product/view/meizu-m6t-32gb-red.html,https://www.gsmshop.md/images/products/meizu_m6t_32gb_red/meizu-m6t-red.jpg
Motorola Razr 5G,22299,https://www.gsmshop.md/product/view/motorolarazr5ggraphite.html,https://www.gsmshop.md/images/products/motorolarazr5ggraphite/motorola-razr-5g-pret.jpg
Motorola XT1965 Moto G7 Plus,3399,https://www.gsmshop.md/product/view/motorolaxt1965motog7plusblack.html,https://www.gsmshop.md/images/products/motorolaxt1965motog7plusblack/motorola-moto-g7-plus-chisinau.jpg
Motorola XT2041 Moto G8 Power,3999,https://www.gsmshop.md/product/view/motorolaxt2041motog8powerblack.html,https://www.gsmshop.md/images/products/motorolaxt2041motog8powerblack/motorola-moto-g8-power.jpg
Motorola XT2083 Moto G9 Play,4199,https://www.gsmshop.md/product/view/motorolaxt2083motog9playblue.html,https://www.gsmshop.md/images/products/motorolaxt2083motog9playblue/motorola-g9-play-—-копия.jpg
MyPhone 3330,299,https://www.gsmshop.md/product/view/myphone-3330-black.html,https://www.gsmshop.md/images/products/myphone_3330_black/myphone-3330.jpg
MyPhone 6310,399,https://www.gsmshop.md/product/view/myphone-6310-black.html,https://www.gsmshop.md/images/products/GSM_Phones/Myphone/6310/myphone 6310 black.jpg
MyPhone 6310,399,https://www.gsmshop.md/product/view/myphone-6310-white.html,https://www.gsmshop.md/images/products/GSM_Phones/Myphone/6310/myphone 6310 white.jpg
MyPhone 7300,519,https://www.gsmshop.md/product/view/myphone7300grey.html,https://www.gsmshop.md/images/products/myphone7300grey/myphone-7300-moldova.jpg
MyPhone Classic 3G,649,https://www.gsmshop.md/product/view/myphone-classic-3G-black.html,https://www.gsmshop.md/images/products/GSM_Phones/Myphone/Classic/myphone classic in moldova.jpg
MyPhone Classic,499,https://www.gsmshop.md/product/view/myphone-classic-white.html,https://www.gsmshop.md/images/products/GSM_Phones/Myphone/Classic/myphone classic в Молдове.jpg
MyPhone FUN 18*9,1149,https://www.gsmshop.md/product/view/myphone-fun-18-9-gold.html,https://www.gsmshop.md/images/products/myphone_fun_18_9_gold/myphone-fun-18-9-gold.png
MyPhone H31 3G,899,https://www.gsmshop.md/product/view/myphone-h31-black.html,https://www.gsmshop.md/images/products/myphone_h31_black/myphone-soho-line-h31.jpg
MyPhone Halo 2,569,https://www.gsmshop.md/product/view/myphone-halo-2-black.html,https://www.gsmshop.md/images/products/GSM_Phones/Myphone/myphone halo 2 black in chisinau.jpg
MyPhone Halo 2,569,https://www.gsmshop.md/product/view/myphone-halo-2-blue.html,https://www.gsmshop.md/images/products/GSM_Phones/Myphone/myphone halo 2 blue в Молдове.jpg
MyPhone Halo 2,569,https://www.gsmshop.md/product/view/myphone-halo-2-red.html,https://www.gsmshop.md/images/products/GSM_Phones/Myphone/myphone halo 2 moldova.jpg
MyPhone Halo 2,569,https://www.gsmshop.md/product/view/myphone-halo-2-white.html,https://www.gsmshop.md/images/products/GSM_Phones/Myphone/myphone halo 2 in chisinau.jpg
MyPhone Halo C,589,https://www.gsmshop.md/product/view/myphone-halo-c-black.html,https://www.gsmshop.md/images/products/myphone_halo_c_black/myphone-halo-c-chisinau.jpg
MyPhone Halo Easy,419,https://www.gsmshop.md/product/view/myphone-halo-easy-black.html,https://www.gsmshop.md/images/products/GSM_Phones/Myphone/Halo_Easy/myphone halo easy red.png
MyPhone Halo Easy,419,https://www.gsmshop.md/product/view/myphone-halo-easy-red.html,https://www.gsmshop.md/images/products/GSM_Phones/Myphone/Halo_Easy/myphone halo easy black.png
MyPhone Halo Mini 2,419,https://www.gsmshop.md/product/view/myphone-halo-mini-2-white.html,https://www.gsmshop.md/images/products/GSM_Phones/Myphone/Halo_Mini_2/myphone halo mini 2 white.png
MyPhone Halo Q 3G,949,https://www.gsmshop.md/product/view/myphone-halo-q-3g-black.html,https://www.gsmshop.md/images/products/myphone_halo_q_3g_black/myphone-halo-q.jpg
MyPhone Halo Q,649,https://www.gsmshop.md/product/view/myphone-halo-q-black.html,https://www.gsmshop.md/images/products/myphone_halo_q_black/myphone-halo-q.jpg
MyPhone Halo S,649,https://www.gsmshop.md/product/view/myphone-halo-s-black.html,https://www.gsmshop.md/images/products/myphone_halo_s_black/myphone-halo-s-Молдова.png
MyPhone Halo S,599,https://www.gsmshop.md/product/view/myphone-halo-s-red.html,https://www.gsmshop.md/images/products/myphone_halo_s_red/myphone-halo-s-red.png
MyPhone Maestro 3G 3G,799,https://www.gsmshop.md/product/view/myphone-maestro-3g-black.html,https://www.gsmshop.md/images/products/myphone_maestro_3g_black/myphone-maestro-black.jpg
MyPhone Maestro,619,https://www.gsmshop.md/product/view/myphone-maestro-black.html,https://www.gsmshop.md/images/products/myphone_maestro_black/myphone-maestro-black.jpg
MyPhone Maestro,619,https://www.gsmshop.md/product/view/myphone-maestro-gold.html,https://www.gsmshop.md/images/products/myphone_maestro_gold/myphone-maestro-gold.jpg
MyPhone Maestro,619,https://www.gsmshop.md/product/view/myphone-maestro-red.html,https://www.gsmshop.md/images/products/myphone_maestro_red/myphone-maestro-Кишинёв.jpg
MyPhone Maestro,619,https://www.gsmshop.md/product/view/myphone-maestro-silver.html,https://www.gsmshop.md/images/products/myphone_maestro_silver/myphone-maestro-silver.jpg
MyPhone Metro,749,https://www.gsmshop.md/product/view/myphone-metro-Black.html,https://www.gsmshop.md/images/products/GSM_Phones/Myphone/myphone metro black.jpg
MyPhone Rumba,649,https://www.gsmshop.md/product/view/myphone-rumba-silver.html,https://www.gsmshop.md/images/products/GSM_Phones/Myphone/Rumba/myphone rumba in moldova.jpg
MyPhone Tango 3G,949,https://www.gsmshop.md/product/view/myphone-tango-3G-Black.html,https://www.gsmshop.md/images/products/GSM_Phones/Myphone/Tango/myphone tango 3g.png
MyPhone Twist 2,599,https://www.gsmshop.md/product/view/myphonetwist2blue.html,https://www.gsmshop.md/images/products/myphonetwist2blue/myphone-twist-blue.png
MyPhone UP Smart,999,https://www.gsmshop.md/product/view/myphoneupsmartblack.html,https://www.gsmshop.md/images/products/myphoneupsmartblack/myphone-up-Кишинёв.jpg
Nokia 105 2019 Dual Sim,416,https://www.gsmshop.md/product/view/nokia-105-2019-dual-sim-black.html,https://www.gsmshop.md/images/products/nokia_105_2019_dual_sim_black/nokia-105-2019-black.jpg
Nokia 105 2019 Dual Sim,416,https://www.gsmshop.md/product/view/nokia-105-2019-dual-sim-blue.html,https://www.gsmshop.md/images/products/nokia_105_2019_dual_sim_blue/nokia-105-2019-blue.jpg
Nokia 110 Dual Sim,538,https://www.gsmshop.md/product/view/nokia-110-dual-sim-black.html,https://www.gsmshop.md/images/products/nokia_110_dual_sim_black/nokia-110-black.jpg
Nokia 210 2019 Dual Sim,799,https://www.gsmshop.md/product/view/nokia-210-2019-dual-sim-black.html,https://www.gsmshop.md/images/products/nokia_210_2019_dual_sim_black/nokia-210-цена.jpg
Nokia 230 Dual Sim,1096,https://www.gsmshop.md/product/view/Nokia-230-ds-dark-silver.html,https://www.gsmshop.md/images/products/GSM_Phones/Nokia/230/nokia 230 dark silver.jpg
Nokia 5310 Dual Sim Black/Red,887,https://www.gsmshop.md/product/view/nokia-5310-dual-sim-black-red.html,https://www.gsmshop.md/images/products/nokia_5310_dual_sim_black_red/nokia-5310-2020.jpg
OnePlus 8 256Gb,13199,https://www.gsmshop.md/product/view/oneplus-8-256gb-black.html,https://www.gsmshop.md/images/products/oneplus_8_256gb_black/oneplus-8-Кишинёв.jpg
OnePlus 8 Pro 128Gb,15599,https://www.gsmshop.md/product/view/oneplus8pro128gbblack.html,https://www.gsmshop.md/images/products/oneplus8pro128gbblack/oneplus-8-pro-black.jpg
OnePlus Nord 256Gb,9499,https://www.gsmshop.md/product/view/oneplusnord256gbgray.html,https://www.gsmshop.md/images/products/oneplusnord256gbgray/oneplus-nord-Кишинёв.jpg
Oppo A12 32Gb,2386,https://www.gsmshop.md/product/view/oppo-a12-32gb-black.html,https://www.gsmshop.md/images/products/oppo_a12_32gb_black/oppo-a12-chisinau.jpg
Oppo A12 32Gb,2386,https://www.gsmshop.md/product/view/oppo-a12-32gb-blue.html,https://www.gsmshop.md/images/products/oppo_a12_32gb_blue/oppo-a12-Кишинёв.jpg
Oppo A31 64Gb,3170,https://www.gsmshop.md/product/view/oppo-a31-64gb-black.html,https://www.gsmshop.md/images/products/oppo_a31_64gb_black/oppo-a31-black.jpg
Oppo A53 128Gb,4041,https://www.gsmshop.md/product/view/oppoa53128gbblack.html,https://www.gsmshop.md/images/products/oppoa53128gbblack/oppo-a53-black.jpg
Oppo A53 128Gb,4041,https://www.gsmshop.md/product/view/oppoa53128gbblue.html,https://www.gsmshop.md/images/products/oppoa53128gbblue/oppo-a53-blue.jpg
Oppo A72 128Gb,4477,https://www.gsmshop.md/product/view/oppo-a72-128gb-black.html,https://www.gsmshop.md/images/products/oppo_a72_128gb_black/oppo-a72-купить-в-Кишинёве.jpg
Oppo A72 128Gb,4477,https://www.gsmshop.md/product/view/oppo-a72-128gb-purple.html,https://www.gsmshop.md/images/products/oppo_a72_128gb_purple/oppo-a72-purple.jpg
Oppo A9 128Gb,3885,https://www.gsmshop.md/product/view/oppo-a9-128gb-purple.html,https://www.gsmshop.md/images/products/oppo_a9_128gb_purple/oppo-a9-Кишинёв.jpg
Oppo Reno 4 Pro 5G 256GB,15842,https://www.gsmshop.md/product/view/opporeno4pro5g256gbblack.html,https://www.gsmshop.md/images/products/opporeno4pro5g256gbblack/oppo-reno-4-pro-black.jpg
Oppo Reno 4 Pro 5G 256GB,15842,https://www.gsmshop.md/product/view/opporeno4pro5g256gbblue.html,https://www.gsmshop.md/images/products/opporeno4pro5g256gbblue/oppo-reno-4-pro.jpg
Philips E109 Xenium Dual Sim,439,https://www.gsmshop.md/product/view/philips-e109-xenium-dual-sim-black.html,https://www.gsmshop.md/images/products/philips_e109_xenium_dual_sim_black/philips-e109-moldova.jpg
Philips E109 Xenium Dual Sim,439,https://www.gsmshop.md/product/view/philips-e109-xenium-dual-sim-red.html,https://www.gsmshop.md/images/products/philips_e109_xenium_dual_sim_red/philips-e109-Молдова.jpg
Philips E125 Xenium Dual Sim,589,https://www.gsmshop.md/product/view/philips-e125-xenium-dual-sim-black.html,https://www.gsmshop.md/images/products/philips_e125_xenium_dual_sim_black/philips-e125-chisinau.jpg
Philips E125 Xenium Dual Sim,589,https://www.gsmshop.md/product/view/philips-e125-xenium-dual-sim-blue.html,https://www.gsmshop.md/images/products/philips_e125_xenium_dual_sim_blue/philips-e125-Кишинёв.jpg
Philips E169 Xenium Dual Sim,639,https://www.gsmshop.md/product/view/philips-e169-xenium-dual-sim-red.html,https://www.gsmshop.md/images/products/philips_e169_xenium_dual_sim_red/philips-e169-Кишинёв.jpg
Philips E182 Xenium Dual Sim,1089,https://www.gsmshop.md/product/view/philips-e182-xenium-dual-sim-blue.html,https://www.gsmshop.md/images/products/philips_e182_xenium_dual_sim_blue/philips-e182-chisinau.jpg
Philips E255 Xenium Dual Sim,1089,https://www.gsmshop.md/product/view/philips-e255-xenium-dual-sim-black.html,https://www.gsmshop.md/images/products/philips_e255_xenium_dual_sim_black/philips-e255-Кишинёв.jpg
Philips E255 Xenium Dual Sim,1089,https://www.gsmshop.md/product/view/philips-e255-xenium-dual-sim-blue.html,https://www.gsmshop.md/images/products/philips_e255_xenium_dual_sim_blue/philips-e255-купить.jpg
Philips E255 Xenium Dual Sim,1089,https://www.gsmshop.md/product/view/philips-e255-xenium-dual-sim-white.html,https://www.gsmshop.md/images/products/philips_e255_xenium_dual_sim_white/philips-xenium-e255.jpeg
Philips E580 Xenium Dual Sim,1589,https://www.gsmshop.md/product/view/philips-e580-xenium-dual-sim-black.html,https://www.gsmshop.md/images/products/philips_e580_xenium_dual_sim_black/philips-e580-chisinau.jpg
Philips S561 Xenium Dual Sim,2089,https://www.gsmshop.md/product/view/philips-s561-xenium-dual-sim-black.html,https://www.gsmshop.md/images/products/philips_s561_xenium_dual_sim_black/philips-s561-цена.png
Realme 6 128Gb,4390,https://www.gsmshop.md/product/view/realme-6-128gb-blue.html,https://www.gsmshop.md/images/products/realme_6_128gb_blue/realme-6-md.jpg
Realme 6 128Gb,4390,https://www.gsmshop.md/product/view/realme-6-128gb-white.html,https://www.gsmshop.md/images/products/realme_6_128gb_white/realme-6-white.jpg
Realme 6 64Gb,4041,https://www.gsmshop.md/product/view/realme-6-64gb-blue.html,https://www.gsmshop.md/images/products/realme_6_64gb_blue/realme-6-md.jpg
Realme 6 64Gb,4041,https://www.gsmshop.md/product/view/realme-6-64gb-white.html,https://www.gsmshop.md/images/products/realme_6_64gb_white/realme-6-white.jpg
Realme 6i 128Gb,3553,https://www.gsmshop.md/product/view/realme-6i-128gb-green.html,https://www.gsmshop.md/images/products/realme_6i_128gb_green/realme-6i-cumpara.jpg
Realme 6i 128Gb,3553,https://www.gsmshop.md/product/view/realme-6i-128gb-white.html,https://www.gsmshop.md/images/products/realme_6i_128gb_white/realme-6i-pret.jpg
Realme 6i 64Gb,3135,https://www.gsmshop.md/product/view/realme-6i-64gb-green.html,https://www.gsmshop.md/images/products/realme_6i_64gb_green/realme-6i-купить.jpg
Realme 7 Pro 128Gb,5872,https://www.gsmshop.md/product/view/realme-7-pro-128gb-blue.html,https://www.gsmshop.md/images/products/realme_7_pro_128gb_blue/realme-7-pro-chisinau.jpg
Realme 7 Pro 128Gb,5872,https://www.gsmshop.md/product/view/realme-7-pro-128gb-silver.html,https://www.gsmshop.md/images/products/realme_7_pro_128gb_silver/realme-7-pro-Кишинёв.jpg
Realme C3 32Gb,2246,https://www.gsmshop.md/product/view/realme-c3-32gb-blue.html,https://www.gsmshop.md/images/products/realme_c3_32gb_blue/realme-c3-цена.jpg
Realme C3 32Gb,2246,https://www.gsmshop.md/product/view/realme-c3-32gb-red.html,https://www.gsmshop.md/images/products/realme_c3_32gb_red/realme-c3-moldova.jpg
Realme C3 64Gb,2542,https://www.gsmshop.md/product/view/realme-c3-64gb-blue.html,https://www.gsmshop.md/images/products/realme_c3_64gb_blue/realme-c3-цена.jpg
Realme C3 64Gb,2542,https://www.gsmshop.md/product/view/realme-c3-64gb-red.html,https://www.gsmshop.md/images/products/realme_c3_64gb_red/realme-c3-moldova.jpg
Realme X2 Pro 128Gb,8312,https://www.gsmshop.md/product/view/realme-x2-pro-128gb-blue.html,https://www.gsmshop.md/images/products/realme_x2_pro_128gb_blue/realme-x2-pro-md.jpg
Samsung Galaxy A01 16Gb DuoS (SM-A015F/DS),2149,https://www.gsmshop.md/product/view/samsung-galaxy-a01-16gb-duos-black-sm-a015f-ds.html,https://www.gsmshop.md/images/products/samsung_galaxy_a01_16gb_duos_black_sm_a015f_ds/samsung-galaxy-a01-black.jpg
Samsung Galaxy A01 16Gb DuoS (SM-A015F/DS),2149,https://www.gsmshop.md/product/view/samsung-galaxy-a01-16gb-duos-blue-sm-a015f-ds.html,https://www.gsmshop.md/images/products/samsung_galaxy_a01_16gb_duos_blue_sm_a015f_ds/samsung-galaxy-a01-blue.png
Samsung Galaxy A01 16Gb DuoS (SM-A015F/DS),2149,https://www.gsmshop.md/product/view/samsung-galaxy-a01-16gb-duos-red-sm-a015f-ds.html,https://www.gsmshop.md/images/products/samsung_galaxy_a01_16gb_duos_red_sm_a015f_ds/samsung-galaxy-a01-red.jpg
Samsung Galaxy A10s DuoS (SM-A107F/DS),2549,https://www.gsmshop.md/product/view/samsung-galaxy-a10s-duos-black-sm-a107f-ds.html,https://www.gsmshop.md/images/products/samsung_galaxy_a10s_duos_black_sm_a107f_ds/samsung-a10s-black.jpg
Samsung Galaxy A10s DuoS (SM-A107F/DS),2549,https://www.gsmshop.md/product/view/samsung-galaxy-a10s-duos-red-sm-a107f-ds.html,https://www.gsmshop.md/images/products/samsung_galaxy_a10s_duos_red_sm_a107f_ds/samsung-a10s-red.jpg
Samsung Galaxy A11 32Gb DuoS,2999,https://www.gsmshop.md/product/view/samsung-galaxy-a11-32gb-duos-black.html,https://www.gsmshop.md/images/products/samsung_galaxy_a11_32gb_duos_black/samsung-galaxy-a11-black.jpg
Samsung Galaxy A11 32Gb DuoS,2999,https://www.gsmshop.md/product/view/samsung-galaxy-a11-32gb-duos-red.html,https://www.gsmshop.md/images/products/samsung_galaxy_a11_32gb_duos_red/samsung-galaxy-a11-red.jpg
Samsung Galaxy A11 32Gb DuoS,2999,https://www.gsmshop.md/product/view/samsung-galaxy-a11-32gb-duos-white.html,https://www.gsmshop.md/images/products/samsung_galaxy_a11_32gb_duos_white/samsung-galaxy-a11-white.jpg
Samsung Galaxy A20e (SM-A202F),2799,https://www.gsmshop.md/product/view/samsung-galaxy-a20e-black-sm-a202f.html,https://www.gsmshop.md/images/products/samsung_galaxy_a20e_black_sm_a202f/samsung-galaxy-a20-black.jpg
Samsung Galaxy A21s 32Gb DuoS,3499,https://www.gsmshop.md/product/view/samsung-galaxy-a21s-32gb-duos-black.html,https://www.gsmshop.md/images/products/samsung_galaxy_a21s_32gb_duos_black/samsung-galaxy-a21s-black.jpg
Samsung Galaxy A21s 32Gb DuoS,3499,https://www.gsmshop.md/product/view/samsung-galaxy-a21s-32gb-duos-blue.html,https://www.gsmshop.md/images/products/samsung_galaxy_a21s_32gb_duos_blue/samsung-galaxy-a21s-blue.jpg
Samsung Galaxy A21s 32Gb DuoS,3599,https://www.gsmshop.md/product/view/samsung-galaxy-a21s-32gb-duos-red.html,https://www.gsmshop.md/images/products/samsung_galaxy_a21s_32gb_duos_red/samsung-galaxy-a21s-red.jpg
Samsung Galaxy A21s 32Gb DuoS,3599,https://www.gsmshop.md/product/view/samsung-galaxy-a21s-32gb-duos-white.html,https://www.gsmshop.md/images/products/samsung_galaxy_a21s_32gb_duos_white/samsung-galaxy-a21s-white.jpg
Samsung Galaxy A31 128Gb DuoS,4499,https://www.gsmshop.md/product/view/samsung-galaxy-a31-128gb-duos-black.html,https://www.gsmshop.md/images/products/samsung_galaxy_a31_128gb_duos_black/samsung-galaxy-a31-black.jpg
Samsung Galaxy A31 128Gb DuoS,4499,https://www.gsmshop.md/product/view/samsung-galaxy-a31-128gb-duos-blue.html,https://www.gsmshop.md/images/products/samsung_galaxy_a31_128gb_duos_blue/samsung-galaxy-a31-vind.jpg
Samsung Galaxy A31 128Gb DuoS,4599,https://www.gsmshop.md/product/view/samsung-galaxy-a31-128gb-duos-red.html,https://www.gsmshop.md/images/products/samsung_galaxy_a31_128gb_duos_red/samsung-a31-128-gb.jpg
Samsung Galaxy A31 128Gb DuoS,4499,https://www.gsmshop.md/product/view/samsung-galaxy-a31-128gb-duos-white.html,https://www.gsmshop.md/images/products/samsung_galaxy_a31_128gb_duos_white/samsung-galaxy-a31-chisinau.jpg
Samsung Galaxy A31 64Gb DuoS,4299,https://www.gsmshop.md/product/view/samsung-galaxy-a31-64gb-duos-black1.html,https://www.gsmshop.md/images/products/samsung_galaxy_a31_64gb_duos_black1/samsung-galaxy-a31-black.jpg
Samsung Galaxy A31 64Gb DuoS,4299,https://www.gsmshop.md/product/view/samsung-galaxy-a31-64gb-duos-blue.html,https://www.gsmshop.md/images/products/samsung_galaxy_a31_64gb_duos_blue/samsung-galaxy-a31-vind.jpg
Samsung Galaxy A31 64Gb DuoS,4299,https://www.gsmshop.md/product/view/samsung-galaxy-a31-64gb-duos-red.html,https://www.gsmshop.md/images/products/samsung_galaxy_a31_64gb_duos_red/samsung-a31-64-gb.jpg
Samsung Galaxy A31 64Gb DuoS,4349,https://www.gsmshop.md/product/view/samsung-galaxy-a31-64gb-duos-white.html,https://www.gsmshop.md/images/products/samsung_galaxy_a31_64gb_duos_white/samsung-galaxy-a31-chisinau.jpg
Samsung Galaxy A41 64Gb DuoS,4599,https://www.gsmshop.md/product/view/samsung-galaxy-a31-64gb-duos-black.html,https://www.gsmshop.md/images/products/samsung_galaxy_a31_64gb_duos_black/samsung-galaxy-a41-black.jpg
Samsung Galaxy A41 64Gb DuoS,4699,https://www.gsmshop.md/product/view/samsung-galaxy-a41-64gb-duos-blue.html,https://www.gsmshop.md/images/products/samsung_galaxy_a41_64gb_duos_blue/samsung-galaxy-a41-blue.jpg
Samsung Galaxy A41 64Gb DuoS,4699,https://www.gsmshop.md/product/view/samsung-galaxy-a41-64gb-duos-red.html,https://www.gsmshop.md/images/products/samsung_galaxy_a41_64gb_duos_red/samsung-galaxy-a41-red.jpg
Samsung Galaxy A41 64Gb DuoS,4699,https://www.gsmshop.md/product/view/samsung-galaxy-a41-64gb-duos-white.html,https://www.gsmshop.md/images/products/samsung_galaxy_a41_64gb_duos_white/samsung-galaxy-a41-white.jpg
Samsung Galaxy A51 128Gb DuoS (SM-A515F/DS),5999,https://www.gsmshop.md/product/view/samsung-galaxy-a51-128gb-duos-black-sm-a515f-ds.html,https://www.gsmshop.md/images/products/samsung_galaxy_a51_128gb_duos_black_sm_a515f_ds/samsung-galaxy-a51-black.jpg
Samsung Galaxy A51 128Gb DuoS (SM-A515F/DS),6099,https://www.gsmshop.md/product/view/samsung-galaxy-a51-128gb-duos-blue-sm-a515f-ds.html,https://www.gsmshop.md/images/products/samsung_galaxy_a51_128gb_duos_blue_sm_a515f_ds/samsung-galaxy-a51-64gb.jpg
Samsung Galaxy A51 128Gb DuoS (SM-A515F/DS),6099,https://www.gsmshop.md/product/view/samsung-galaxy-a51-128gb-duos-red-sm-a515f-ds.html,https://www.gsmshop.md/images/products/samsung_galaxy_a51_128gb_duos_red_sm_a515f_ds/samsung-a51-red.jpeg
Samsung Galaxy A51 128Gb DuoS (SM-A515F/DS),5999,https://www.gsmshop.md/product/view/samsunggalaxya51128gbduossilversm-a515fds.html,https://www.gsmshop.md/images/products/samsunggalaxya51128gbduossilversm_a515fds/samsung-galaxy-a51-64.jpg
Samsung Galaxy A51 128Gb DuoS (SM-A515F/DS),5999,https://www.gsmshop.md/product/view/samsung-galaxy-a51-128gb-duos-white-sm-a515f-ds.html,https://www.gsmshop.md/images/products/samsung_galaxy_a51_128gb_duos_white_sm_a515f_ds/samsung-galaxy-a51-md.png
Samsung Galaxy A51 64Gb DuoS (SM-A515F/DS),5399,https://www.gsmshop.md/product/view/samsung-galaxy-a51-64gb-duos-black-sm-a515f-ds.html,https://www.gsmshop.md/images/products/samsung_galaxy_a51_64gb_duos_black_sm_a515f_ds/samsung-galaxy-a51-black.jpg
Samsung Galaxy A51 64Gb DuoS (SM-A515F/DS),5399,https://www.gsmshop.md/product/view/samsung-galaxy-a51-64gb-duos-blue-sm-a515f-ds.html,https://www.gsmshop.md/images/products/samsung_galaxy_a51_64gb_duos_blue_sm_a515f_ds/samsung-galaxy-a51-blue.jpg
Samsung Galaxy A51 64Gb DuoS (SM-A515F/DS),5299,https://www.gsmshop.md/product/view/samsung-galaxy-a51-64gb-duos-red-sm-a515f-ds.html,https://www.gsmshop.md/images/products/samsung_galaxy_a51_64gb_duos_red_sm_a515f_ds/samsung-a51-red.jpeg
Samsung Galaxy A51 64Gb DuoS (SM-A515F/DS),5249,https://www.gsmshop.md/product/view/samsunggalaxya5164gbduossilversm-a515fds.html,https://www.gsmshop.md/images/products/samsunggalaxya5164gbduossilversm_a515fds/samsung-galaxy-a51-64.jpg
Samsung Galaxy A51 64Gb DuoS (SM-A515F/DS),5249,https://www.gsmshop.md/product/view/samsung-galaxy-a51-64gb-duos-white-sm-a515f-ds.html,https://www.gsmshop.md/images/products/samsung_galaxy_a51_64gb_duos_white_sm_a515f_ds/samsung-galaxy-a51-white.png
Samsung Galaxy A6 Plus 2018 DuoS (SM-A605F/DS),3699,https://www.gsmshop.md/product/view/samsung-galaxy-a6-plus-2018-ds-blue.html,https://www.gsmshop.md/images/products/samsung_galaxy_a6_plus_2018_ds_blue/samsung-a6+-blue.jpg
Samsung Galaxy A6 Plus 2018 DuoS (SM-A605F/DS),3699,https://www.gsmshop.md/product/view/samsung-galaxy-a6-plus-2018-ds-gold.html,https://www.gsmshop.md/images/products/samsung_galaxy_a6_plus_2018_ds_gold/samsung-a6+-gold.jpg
Samsung Galaxy A71 128Gb DuoS (SM-A715F/DS),7299,https://www.gsmshop.md/product/view/samsung-galaxy-a71-128gb-duos-black-sm-a715f-ds.html,https://www.gsmshop.md/images/products/samsung_galaxy_a71_128gb_duos_black_sm_a715f_ds/samsung-galaxy-a71-black.jpg
Samsung Galaxy A71 128Gb DuoS (SM-A715F/DS),7299,https://www.gsmshop.md/product/view/samsung-galaxy-a71-128gb-duos-blue-sm-a715f-ds.html,https://www.gsmshop.md/images/products/samsung_galaxy_a71_128gb_duos_blue_sm_a715f_ds/samsung-galaxy-a71-blue.jpg
Samsung Galaxy A71 128Gb DuoS (SM-A715F/DS),7299,https://www.gsmshop.md/product/view/samsung-galaxy-a71-128gb-duos-silver-sm-a715f-ds.html,https://www.gsmshop.md/images/products/samsung_galaxy_a71_128gb_duos_silver_sm_a715f_ds/samsung-galaxy-a71-цена.webp
Samsung Galaxy A8 Plus 2018 DuoS (SM-A730F/DS),5799,https://www.gsmshop.md/product/view/Samsung-A730FD-Gold.html,https://www.gsmshop.md/images/products/GSM_Phones/Samsung/A730/samsung galaxy a8 plus 2018 gold.jpg
Samsung Galaxy A8 Plus 2018 DuoS (SM-A730F/DS),5799,https://www.gsmshop.md/product/view/Samsung-A730FD-Grey.html,https://www.gsmshop.md/images/products/GSM_Phones/Samsung/A730/samsung galaxy a8 plus 2018 grey.jpg
Samsung Galaxy M11 32Gb DuoS,3249,https://www.gsmshop.md/product/view/samsung-galaxy-m11-32gb-duos-black.html,https://www.gsmshop.md/images/products/samsung_galaxy_m11_32gb_duos_black/samsung-galaxy-m11-black.jpg
Samsung Galaxy M11 32Gb DuoS,3249,https://www.gsmshop.md/product/view/samsung-galaxy-m11-32gb-duos-blue.html,https://www.gsmshop.md/images/products/samsung_galaxy_m11_32gb_duos_blue/samsung-galaxy-m11-blue.jpg
Samsung Galaxy M11 32Gb DuoS Violet,3249,https://www.gsmshop.md/product/view/samsung-galaxy-m11-32gb-duos-violet.html,https://www.gsmshop.md/images/products/samsung_galaxy_m11_32gb_duos_violet/samsung-galaxy-m11-violet.jpg
Samsung Galaxy M21 64Gb DuoS,4149,https://www.gsmshop.md/product/view/samsung-galaxy-m21-64gb-duos-black.html,https://www.gsmshop.md/images/products/samsung_galaxy_m21_64gb_duos_black/samsung-galaxy-m21-vind.jpg
Samsung Galaxy M21 64Gb DuoS,4149,https://www.gsmshop.md/product/view/samsung-galaxy-m21-64gb-duos-blue.html,https://www.gsmshop.md/images/products/samsung_galaxy_m21_64gb_duos_blue/samsung-galaxy-m21-цена.jpg
Samsung Galaxy M21 64Gb DuoS,4149,https://www.gsmshop.md/product/view/samsung-galaxy-m21-64gb-duos-green.html,https://www.gsmshop.md/images/products/samsung_galaxy_m21_64gb_duos_green/samsung-galaxy-m21-pret.jpg
Samsung Galaxy M31 128Gb DuoS,5499,https://www.gsmshop.md/product/view/samsung-galaxy-m31-128gb-duos-black.html,https://www.gsmshop.md/images/products/samsung_galaxy_m31_128gb_duos_black/samsung-galaxy-m31-black.jpg
Samsung Galaxy M31 128Gb DuoS,5499,https://www.gsmshop.md/product/view/samsung-galaxy-m31-128gb-duos-blue.html,https://www.gsmshop.md/images/products/samsung_galaxy_m31_128gb_duos_blue/samsung-galaxy-m31-blue.jpg
Samsung Galaxy M31 128Gb DuoS,5499,https://www.gsmshop.md/product/view/samsung-galaxy-m31-128gb-duos-red.html,https://www.gsmshop.md/images/products/samsung_galaxy_m31_128gb_duos_red/samsung-galaxy-m31-red.jpg
Samsung Galaxy M31 64Gb DuoS,4799,https://www.gsmshop.md/product/view/samsunggalaxym3164gbduosblack.html,https://www.gsmshop.md/images/products/samsunggalaxym3164gbduosblack/samsung-galaxy-m31-black.jpg
Samsung Galaxy M31s 128Gb DuoS,6399,https://www.gsmshop.md/product/view/samsung-galaxy-m31s-128gb-duos-black.html,https://www.gsmshop.md/images/products/samsung_galaxy_m31s_128gb_duos_black/samsung-galaxy-m31s-black.jpg
Samsung Galaxy M31s 128Gb DuoS,6399,https://www.gsmshop.md/product/view/samsung-galaxy-m31s-128gb-duos-blue.html,https://www.gsmshop.md/images/products/samsung_galaxy_m31s_128gb_duos_blue/samsung-galaxy-m31s-blue.jpg
Samsung Galaxy M51 128Gb DuoS,7399,https://www.gsmshop.md/product/view/samsung-galaxy-m51-128gb-duos-black.html,https://www.gsmshop.md/images/products/samsung_galaxy_m51_128gb_duos_black/samsung-galaxy-m51-black.jpg
Samsung Galaxy M51 128Gb DuoS,7399,https://www.gsmshop.md/product/view/samsung-galaxy-m51-128gb-duos-white.html,https://www.gsmshop.md/images/products/samsung_galaxy_m51_128gb_duos_white/samsung-galaxy-m51-pret.jpg
Samsung Galaxy Note 10 DuoS 256Gb (SM-N970F/DS),14499,https://www.gsmshop.md/product/view/samsung-galaxy-note-10-duos-256gb-black-sm-n970f-ds.html,https://www.gsmshop.md/images/products/samsung_galaxy_note_10_duos_256gb_black_sm_n970f_ds/samsung-galaxy-note-10-black.jpg
Samsung Galaxy Note 10 DuoS 256Gb (SM-N970F/DS),15399,https://www.gsmshop.md/product/view/samsung-galaxy-note-10-duos-256gb-red-sm-n970f-ds.html,https://www.gsmshop.md/images/products/samsung_galaxy_note_10_duos_256gb_red_sm_n970f_ds/samsung-galaxy-note-10-red.jpg
Samsung Galaxy Note 10 DuoS 256Gb (SM-N970F/DS),14499,https://www.gsmshop.md/product/view/samsung-galaxy-note-10-duos-256gb-silver-sm-n970f-ds.html,https://www.gsmshop.md/images/products/samsung_galaxy_note_10_duos_256gb_silver_sm_n970f_ds/samsung-galaxy-note-10-silver.jpg
Samsung Galaxy Note 10 Lite 128Gb (SM-N770F/DS),8999,https://www.gsmshop.md/product/view/samsung-galaxy-note-10-lite-128gb-black-sm-n770f-ds.html,https://www.gsmshop.md/images/products/samsung_galaxy_note_10_lite_128gb_black_sm_n770f_ds/samsung-galaxy-note-10-lite-black.jpg
Samsung Galaxy Note 10 Lite 128Gb (SM-N770F/DS),8999,https://www.gsmshop.md/product/view/samsung-galaxy-note-10-lite-128gb-red-sm-n770f-ds.html,https://www.gsmshop.md/images/products/samsung_galaxy_note_10_lite_128gb_red_sm_n770f_ds/samsunggalaxy-note-10-lite-aura-red.jpg
Samsung Galaxy Note 10+ DuoS 256Gb Aura (SM-N975F/DS),18199,https://www.gsmshop.md/product/view/samsung-galaxy-note-10-duos-256gb-white-sm-n975f-ds.html,https://www.gsmshop.md/images/products/samsung_galaxy_note_10_duos_256gb_white_sm_n975f_ds/samsung-galaxy-note-10+-white.jpg
Samsung Galaxy Note 20 256Gb DuoS Bronze,17599,https://www.gsmshop.md/product/view/samsung-galaxy-note-20-256gb-duos-bronze.html,https://www.gsmshop.md/images/products/samsung_galaxy_note_20_256gb_duos_bronze/samsung-galaxy-note-20-cumpara.jpg
Samsung Galaxy Note 20 256Gb DuoS,17599,https://www.gsmshop.md/product/view/samsung-galaxy-note-20-256gb-duos-green.html,https://www.gsmshop.md/images/products/samsung_galaxy_note_20_256gb_duos_green/samsung-galaxy-note-20-md.jpg
Samsung Galaxy Note 20 256Gb DuoS,17599,https://www.gsmshop.md/product/view/samsung-galaxy-note-20-256gb-duos-grey.html,https://www.gsmshop.md/images/products/samsung_galaxy_note_20_256gb_duos_grey/samsung-galaxy-note-20-Молдова.jpg
Samsung Galaxy Note 20 Ultra 256Gb DuoS,22299,https://www.gsmshop.md/product/view/samsung-galaxy-note-20-ultra-256gb-duos-black.html,https://www.gsmshop.md/images/products/samsung_galaxy_note_20_ultra_256gb_duos_black/samsung-galaxy-note-20-ultra-moldova.jpg
Samsung Galaxy Note 20 Ultra 256Gb DuoS Bronze,22299,https://www.gsmshop.md/product/view/samsung-galaxy-note-20-ultra-256gb-duos-bronze.html,https://www.gsmshop.md/images/products/samsung_galaxy_note_20_ultra_256gb_duos_bronze/samsung-galaxy-note-20-ultra-купить.jpg
Samsung Galaxy Note 20 Ultra 256Gb DuoS,22299,https://www.gsmshop.md/product/view/samsung-galaxy-note-20-ultra-256gb-duos-white.html,https://www.gsmshop.md/images/products/samsung_galaxy_note_20_ultra_256gb_duos_white/samsung-galaxy-note-20-ultra-ДЁШЕВО.jpg
Samsung Galaxy S10 DuoS 128Gb (SM-G973F/DS),11499,https://www.gsmshop.md/product/view/samsung-galaxy-s10-duos-128gb-black-sm-g973f-ds.html,https://www.gsmshop.md/images/products/samsung_galaxy_s10_duos_128gb_black_sm_g973f_ds/samsung-galaxy-s10-black.jpg
Samsung Galaxy S10 DuoS 128Gb (SM-G973F/DS),12499,https://www.gsmshop.md/product/view/samsung-galaxy-s10-duos-128gb-blue-sm-g973f-ds.html,https://www.gsmshop.md/images/products/samsung_galaxy_s10_duos_128gb_blue_sm_g973f_ds/samsung-galaxy-s10-blue.jpg
Samsung Galaxy S10 DuoS 128Gb (SM-G973F/DS),12499,https://www.gsmshop.md/product/view/samsung-galaxy-s10-duos-128gb-red-sm-g973f-ds.html,https://www.gsmshop.md/images/products/samsung_galaxy_s10_duos_128gb_red_sm_g973f_ds/samsung-galaxy-s10-pret.jpg
Samsung Galaxy S10 Lite 128Gb DuoS (SM-G770F/DS),9499,https://www.gsmshop.md/product/view/samsung-galaxy-s10-lite-128gb-duos-black-sm-g770f-ds.html,https://www.gsmshop.md/images/products/samsung_galaxy_s10_lite_128gb_duos_black_sm_g770f_ds/samsung-s10-lite.jpg
Samsung Galaxy S10 Lite 128Gb DuoS (SM-G770F/DS),9499,https://www.gsmshop.md/product/view/samsung-galaxy-s10-lite-128gb-duos-blue-sm-g770f-ds.html,https://www.gsmshop.md/images/products/samsung_galaxy_s10_lite_128gb_duos_blue_sm_g770f_ds/samsung-galaxy-s10-lite-128gb.jpg
Samsung Galaxy S10 Lite 128Gb DuoS (SM-G770F/DS),9499,https://www.gsmshop.md/product/view/samsung-galaxy-s10-lite-128gb-duos-white-sm-g770f-ds.html,https://www.gsmshop.md/images/products/samsung_galaxy_s10_lite_128gb_duos_white_sm_g770f_ds/samsung-galaxy-s10-lite-sm-g770.jpg
Samsung Galaxy S10 Plus DuoS 128Gb (SM-G975F/DS),13799,https://www.gsmshop.md/product/view/samsung-galaxy-s10-plus-duos-128gb-black-sm-g975f-ds.html,https://www.gsmshop.md/images/products/samsung_galaxy_s10_plus_duos_128gb_black_sm_g975f_ds/samsung-galaxy-s10-plus-moldova.jpg
Samsung Galaxy S10 Plus DuoS 128Gb (SM-G975F/DS),13799,https://www.gsmshop.md/product/view/samsung-galaxy-s10-plus-duos-128gb-green-sm-g975f-ds.html,https://www.gsmshop.md/images/products/samsung_galaxy_s10_plus_duos_128gb_green_sm_g975f_ds/samsung-galaxy-s10-plus-Кишинёв.jpg
Samsung Galaxy S10 Plus DuoS 128Gb (SM-G975F/DS),13799,https://www.gsmshop.md/product/view/samsung-galaxy-s10-plus-duos-128gb-red-sm-g975f-ds.html,https://www.gsmshop.md/images/products/samsung_galaxy_s10_plus_duos_128gb_red_sm_g975f_ds/samsung-galaxy-s10-plus-pret.jpg
Samsung Galaxy S10 Plus DuoS 128Gb (SM-G975F/DS),13799,https://www.gsmshop.md/product/view/samsung-galaxy-s10-plus-duos-128gb-white-sm-g975f-ds.html,https://www.gsmshop.md/images/products/samsung_galaxy_s10_plus_duos_128gb_white_sm_g975f_ds/samsung-galaxy-s10-plus-pret.jpg
Samsung Galaxy S10 Plus DuoS 512Gb (SM-G975F/DS),16599,https://www.gsmshop.md/product/view/samsung-galaxy-s10-plus-duos-512gb-white-sm-g975f-ds.html,https://www.gsmshop.md/images/products/samsung_galaxy_s10_plus_duos_512gb_white_sm_g975f_ds/samsung-s10-plus-ceramic.jpg
Samsung Galaxy S20 128Gb DuoS (SM-G980F/DS),16099,https://www.gsmshop.md/product/view/samsung-galaxy-s20-128gb-duos-blue-sm-g980f-ds.html,https://www.gsmshop.md/images/products/samsung_galaxy_s20_128gb_duos_blue_sm_g980f_ds/samsung-galaxy-s20-blue.jpg
Samsung Galaxy S20 128Gb DuoS (SM-G980F/DS),16099,https://www.gsmshop.md/product/view/samsung-galaxy-s20-128gb-duos-grey-sm-g980f-ds.html,https://www.gsmshop.md/images/products/samsung_galaxy_s20_128gb_duos_grey_sm_g980f_ds/samsung-galaxy-s20-grey.jpg
Samsung Galaxy S20 128Gb DuoS (SM-G980F/DS),16099,https://www.gsmshop.md/product/view/samsung-galaxy-s20-128gb-duos-red-sm-g980f-ds.html,https://www.gsmshop.md/images/products/samsung_galaxy_s20_128gb_duos_red_sm_g980f_ds/samsung-galaxy-s20-red.jpg
Samsung Galaxy S20 128Gb DuoS (SM-G980F/DS),14999,https://www.gsmshop.md/product/view/samsung-galaxy-s20-128gb-duos-white-sm-g980f-ds.html,https://www.gsmshop.md/images/products/samsung_galaxy_s20_128gb_duos_white_sm_g980f_ds/samsung-s20-pret.jpg
Samsung Galaxy S20 5G 128Gb DuoS (SM-G981B),15599,https://www.gsmshop.md/product/view/samsung-galaxy-s20-5g-128gb-duos-grey-sm-g981f-ds.html,https://www.gsmshop.md/images/products/samsung_galaxy_s20_5g_128gb_duos_grey_sm_g981f_ds/samsung-galaxy-s20-grey.jpg
Samsung Galaxy S20 5G 128Gb DuoS (SM-G981B),14499,https://www.gsmshop.md/product/view/samsung-galaxy-s20-5g-128gb-duos-white-sm-g981f-ds.html,https://www.gsmshop.md/images/products/samsung_galaxy_s20_5g_128gb_duos_white_sm_g981f_ds/samsung-s20-pret.jpg
Samsung Galaxy S20 Plus 128Gb DuoS (SM-G985F/DS),17699,https://www.gsmshop.md/product/view/samsung-galaxy-s20-plus-128gb-duos-black-sm-g985f-ds.html,https://www.gsmshop.md/images/products/samsung_galaxy_s20_plus_128gb_duos_black_sm_g985f_ds/samsung-galaxy-s20-plus-grey.jpg
Samsung Galaxy S20 Plus 128Gb DuoS (SM-G985F/DS),17989,https://www.gsmshop.md/product/view/samsung-galaxy-s20-plus-128gb-duos-blue-sm-g985f-ds.html,https://www.gsmshop.md/images/products/samsung_galaxy_s20_plus_128gb_duos_blue_sm_g985f_ds/samsung-galaxy-s20-plus-blue.jpg
Samsung Galaxy S20 Plus 128Gb DuoS (SM-G985F/DS),17699,https://www.gsmshop.md/product/view/samsung-galaxy-s20-plus-128gb-duos-grey-sm-g985f-ds.html,https://www.gsmshop.md/images/products/samsung_galaxy_s20_plus_128gb_duos_grey_sm_g985f_ds/samsung-galaxy-s20-plus-grey.jpg
Samsung Galaxy S20 Plus 128Gb DuoS (SM-G985F/DS),17699,https://www.gsmshop.md/product/view/samsung-galaxy-s20-plus-128gb-duos-red-sm-g985f-ds.html,https://www.gsmshop.md/images/products/samsung_galaxy_s20_plus_128gb_duos_red_sm_g985f_ds/samsung-galaxy-s20-plus.jpg
Samsung Galaxy S20 Plus 5G 128Gb DuoS (SM-G986B),15999,https://www.gsmshop.md/product/view/samsung-galaxy-s20-plus-5g-128gb-duos-black-sm-g986f-ds.html,https://www.gsmshop.md/images/products/samsung_galaxy_s20_plus_5g_128gb_duos_black_sm_g986f_ds/samsung-galaxy-s20-plus-grey.jpg
Samsung Galaxy S20 Plus 5G 128Gb DuoS (SM-G986B),16799,https://www.gsmshop.md/product/view/samsung-galaxy-s20-plus-5g-128gb-duos-grey-sm-g986f-ds.html,https://www.gsmshop.md/images/products/samsung_galaxy_s20_plus_5g_128gb_duos_grey_sm_g986f_ds/samsung-galaxy-s20-plus-grey.jpg
Samsung Galaxy S20 Ultra 128Gb DuoS (SM-G988B),22499,https://www.gsmshop.md/product/view/samsung-galaxy-s20-ultra-128gb-duos-black-sm-g988b.html,https://www.gsmshop.md/images/products/samsung_galaxy_s20_ultra_128gb_duos_black_sm_g988b/samsung-galaxy-s20-ultra-цена.jpg
Samsung Galaxy S20 Ultra 128Gb DuoS (SM-G988B),22499,https://www.gsmshop.md/product/view/samsung-galaxy-s20-ultra-128gb-duos-grey-sm-g988b.html,https://www.gsmshop.md/images/products/samsung_galaxy_s20_ultra_128gb_duos_grey_sm_g988b/samsung-galaxy-s20-ultra.jpg
Samsung Galaxy S20 Ultra 5G 128Gb DuoS (SM-G988B),18499,https://www.gsmshop.md/product/view/samsung-galaxy-s20-5g-ultra-128gb-duos-black-sm-g988b.html,https://www.gsmshop.md/images/products/samsung_galaxy_s20_5g_ultra_128gb_duos_black_sm_g988b/samsung-galaxy-s20-ultra-цена.jpg
Samsung Galaxy S20 Ultra 5G 128Gb DuoS (SM-G988B),18499,https://www.gsmshop.md/product/view/samsung-galaxy-s20-ultra-5g-128gb-duos-grey-sm-g988b.html,https://www.gsmshop.md/images/products/samsung_galaxy_s20_ultra_5g_128gb_duos_grey_sm_g988b/samsung-galaxy-s20-ultra.jpg
Samsung Galaxy S20fe 128Gb DuoS Lavender,12199,https://www.gsmshop.md/product/view/samsunggalaxys20fe128gbduoslavender.html,https://www.gsmshop.md/images/products/samsunggalaxys20fe128gbduoslavender/samsung-galaxy-s20-fe-128gb.jpg
Samsung Galaxy S20fe 128Gb DuoS,12199,https://www.gsmshop.md/product/view/samsunggalaxys20fe128gbduosmint.html,https://www.gsmshop.md/images/products/samsunggalaxys20fe128gbduosmint/samsung-galaxy-s20-fe-дёшево.jpg
Samsung Galaxy S20fe 128Gb DuoS,12199,https://www.gsmshop.md/product/view/samsunggalaxys20fe128gbduosnavy.html,https://www.gsmshop.md/images/products/samsunggalaxys20fe128gbduosnavy/samsung-galaxy-s20-fe-moldova.jpg
Samsung Galaxy S20fe 128Gb DuoS,12199,https://www.gsmshop.md/product/view/samsunggalaxys20fe128gbduosorange.html,https://www.gsmshop.md/images/products/samsunggalaxys20fe128gbduosorange/samsung-galaxy-s20-fe-Молдова.jpg
Samsung Galaxy S20fe 128Gb DuoS,12199,https://www.gsmshop.md/product/view/samsunggalaxys20fe128gbduosred.html,https://www.gsmshop.md/images/products/samsunggalaxys20fe128gbduosred/samsung-galaxy-s20-fe-отзывы.jpg
Samsung Galaxy S20fe 128Gb DuoS,12199,https://www.gsmshop.md/product/view/samsunggalaxys20fe128gbduoswhite.html,https://www.gsmshop.md/images/products/samsunggalaxys20fe128gbduoswhite/samsung-galaxy-s20-fe-new.jpg
Samsung Galaxy S9 DuoS 128Gb (SM-G960F/DS),11499,https://www.gsmshop.md/product/view/samsung-galaxy-s9-duos-128gb-black-sm-g960f-ds.html,https://www.gsmshop.md/images/products/samsung_galaxy_s9_duos_128gb_black_sm_g960f_ds/samsung-galaxy-s9-black.jpg
Samsung Galaxy S9 DuoS 64Gb (SM-G960F/DS),10999,https://www.gsmshop.md/product/view/samsung-galaxy-s9-duos-64gb-gold-sm-g960f-ds.html,https://www.gsmshop.md/images/products/samsung_galaxy_s9_duos_64gb_gold_sm_g960f_ds/samsung-galaxy-s9-gold.jpg
Samsung Galaxy S9 DuoS 64Gb (SM-G960F/DS),9870,https://www.gsmshop.md/product/view/Samsung-G960FD-purple.html,https://www.gsmshop.md/images/products/Samsung_G960FD_purple/samsung-galaxy-s9-purple.jpg
Samsung Galaxy S9 Plus 64Gb (SM-G965F),9899,https://www.gsmshop.md/product/view/Samsung-G965F-64-Purple.html,https://www.gsmshop.md/images/products/Samsung_G965F_64_Purple/samsung-galaxy-s9+-lilac.jpg
Samsung Galaxy S9 Plus DuoS 128Gb (SM-G965F/DS),11399,https://www.gsmshop.md/product/view/samsung-galaxy-s9-plus-duos-128gb-blue-sm-g965f-ds.html,https://www.gsmshop.md/images/products/samsung_galaxy_s9_plus_duos_128gb_blue_sm_g965f_ds/samsung-galaxy-g965-blue.jpg
Samsung Galaxy S9 Plus DuoS 128Gb (SM-G965F/DS),11399,https://www.gsmshop.md/product/view/samsung-galaxy-s9-plus-duos-128gb-purple-sm-g965f-ds.html,https://www.gsmshop.md/images/products/samsung_galaxy_s9_plus_duos_128gb_purple_sm_g965f_ds/samsung-galaxy-s9-plus-purple.jpg
Samsung Galaxy S9 Plus DuoS 64Gb (SM-G965F/DS),10499,https://www.gsmshop.md/product/view/Samsung-G965FD-64-black.html,https://www.gsmshop.md/images/products/Samsung_G965FD_64_black/samsung-galaxy-s9-plus-black.jpg
Samsung Galaxy S9 Plus DuoS 64Gb (SM-G965F/DS),10199,https://www.gsmshop.md/product/view/samsung-galaxy-s9-plus-duos-64gb-gold-sm-g965f-ds.html,https://www.gsmshop.md/images/products/samsung_galaxy_s9_plus_duos_64gb_gold_sm_g965f_ds/samsung-galaxy-s9-plus-gold.jpg
Samsung Galaxy S9 Plus DuoS 64Gb (SM-G965F/DS),10675,https://www.gsmshop.md/product/view/Samsung-G965FD-64-grey.html,https://www.gsmshop.md/images/products/Samsung_G965FD_64_grey/samsung-galaxy-s9-plus-grey.jpg
Samsung Galaxy S9 Plus DuoS 64Gb (SM-G965F/DS),10399,https://www.gsmshop.md/product/view/Samsung-G965FD-64-Purple.html,https://www.gsmshop.md/images/products/Samsung_G965FD_64_Purple/samsung-galaxy-s9-plus-purple.jpg
Samsung Galaxy Z Fold 2 256Gb,36699,https://www.gsmshop.md/product/view/samsunggalaxyzfold2256gbblack.html,https://www.gsmshop.md/images/products/samsunggalaxyzfold2256gbblack/samsung-galaxy-z-fold-2-black.jpg
Samsung Galaxy Z Fold 2 256Gb Bronze,37899,https://www.gsmshop.md/product/view/samsunggalaxyzfold2256gbbronze.html,https://www.gsmshop.md/images/products/samsunggalaxyzfold2256gbbronze/samsung-galaxy-z-fold-2-bronze.jpg
Sony Xperia X Compact F5321,4129,https://www.gsmshop.md/product/view/Sony-Xperia-X-Compact-F5321-white.html,https://www.gsmshop.md/images/products/GSM_Phones/Sony/X_Compact/sony xperia x compact white.jpeg
Sony Xperia XA F3116 Dual Sim,2821,https://www.gsmshop.md/product/view/Sony-Xperia-XA-F3116-Black.html,https://www.gsmshop.md/images/products/GSM_Phones/Sony/XA/sony xperia xa in moldova.jpg
Sony Xperia XA F3116 Dual Sim Rose,2821,https://www.gsmshop.md/product/view/Sony-Xperia-XA-F3116-Rose-Gold.html,https://www.gsmshop.md/images/products/GSM_Phones/Sony/XA/sony xperia xa rose gold.jpg
Sony Xperia XA1 G3116 Dual Sim,3170,https://www.gsmshop.md/product/view/Sony-Xperia-XA1-G3116-Black.html,https://www.gsmshop.md/images/products/GSM_Phones/Sony/XA1/sony xperia xa1 black.jpg
Sony Xperia XA1 Plus G3416 Dual Sim,4303,https://www.gsmshop.md/product/view/sony-xperia-xa1-plus-g3416-dual-sim-blue.html,https://www.gsmshop.md/images/products/sony_xperia_xa1_plus_g3416_dual_sim_blue/sony-xa1-plus-blue.jpg
Sony Xperia XA1 Ultra G3226 Dual Sim,4129,https://www.gsmshop.md/product/view/Sony-Xperia-G3226-Gold.html,https://www.gsmshop.md/images/products/GSM_Phones/Sony/XA1_Ultra/sony xperia xa1 ultra gold.jpg
Sony Xperia XZ Premium G8142 Dual Sim,7440,https://www.gsmshop.md/product/view/Sony-Xperia-XZ-Premium-G8142-pink.html,https://www.gsmshop.md/images/products/GSM_Phones/Sony/XZ_Premium/sony xz premium pink.jpg
Sony Xperia XZ1 Compact G8441,6569,https://www.gsmshop.md/product/view/Sony-Xperia-XZ1-Compact-G8421-Pink.html,https://www.gsmshop.md/images/products/Sony_Xperia_XZ1_Compact_G8421_Pink/sony-xperia-xz1-compact-pink.jpg
Sony Xperia XZ1 G8342 Dual Sim,6569,https://www.gsmshop.md/product/view/sony-xperia-xz1-g8342-dual-sim-pink.html,https://www.gsmshop.md/images/products/sony_xperia_xz1_g8342_dual_sim_pink/sony-xperia-xz1-dual-sim-pink.png
Sony Xperia XZ2 H8266 Dual Sim,9096,https://www.gsmshop.md/product/view/sony-xperia-xz2-h8266-dual-sim-black.html,https://www.gsmshop.md/images/products/sony_xperia_xz2_h8266_dual_sim_black/sony-xz-2-h8266-black.jpg
Sony Xperia XZ3 H9436 Dual Sim,10839,https://www.gsmshop.md/product/view/sony-xperia-xz3-h9436-dual-sim-black.html,https://www.gsmshop.md/images/products/sony_xperia_xz3_h9436_dual_sim_black/sony-xperia-xz3-h9436-dual-sim-black.jpg
Sony Xperia XZS G8232 Dual Sim,6830,https://www.gsmshop.md/product/view/Sony-Xperia-XZS-G8232-blue.html,https://www.gsmshop.md/images/products/GSM_Phones/Sony/XZS/sony xzs blue.jpg
Sony Xperia XZS G8232 Dual Sim,6830,https://www.gsmshop.md/product/view/Sony-Xperia-XZS-G8232-silver.html,https://www.gsmshop.md/images/products/GSM_Phones/Sony/XZS/sony xzs dual sim silver.jpg
Xiaomi Mi 10 128Gb,11536,https://www.gsmshop.md/product/view/xiaomi-mi-10-128gb-green.html,https://www.gsmshop.md/images/products/xiaomi_mi_10_128gb_green/xiaomi-mi-10-Кишинёв.jpg
Xiaomi Mi 10 128Gb,11536,https://www.gsmshop.md/product/view/xiaomi-mi-10-128gb-grey.html,https://www.gsmshop.md/images/products/xiaomi_mi_10_128gb_grey/xiaomi-mi-10-chisinau.jpg
Xiaomi Mi 10 256Gb,12791,https://www.gsmshop.md/product/view/xiaomi-mi-10-256gb-green.html,https://www.gsmshop.md/images/products/xiaomi_mi_10_256gb_green/xiaomi-mi-10-цена.jpg
Xiaomi Mi 10 256Gb,12791,https://www.gsmshop.md/product/view/xiaomi-mi-10-256gb-grey.html,https://www.gsmshop.md/images/products/xiaomi_mi_10_256gb_grey/xiaomi-mi-10-cumpara.jpg
Xiaomi Mi 10 Lite 128Gb,6799,https://www.gsmshop.md/product/view/xiaomi-mi-10-lite-128gb-blue.html,https://www.gsmshop.md/images/products/xiaomi_mi_10_lite_128gb_blue/xiaomi-mi-10-lite-pret.jpg
Xiaomi Mi 10 Lite 128Gb,6699,https://www.gsmshop.md/product/view/xiaomi-mi-10-lite-128gb-grey.html,https://www.gsmshop.md/images/products/xiaomi_mi_10_lite_128gb_grey/xiaomi-mi-10-lite-grey.jpg
Xiaomi Mi 10 Lite 128Gb,6699,https://www.gsmshop.md/product/view/xiaomi-mi-10-lite-128gb-white.html,https://www.gsmshop.md/images/products/xiaomi_mi_10_lite_128gb_white/xiaomi-mi-10-lite-white.jpg
Xiaomi Mi 10 Lite 64Gb,6199,https://www.gsmshop.md/product/view/xiaomi-mi-10-lite-64gb-blue.html,https://www.gsmshop.md/images/products/xiaomi_mi_10_lite_64gb_blue/xiaomi-mi-10-lite-pret.jpg
Xiaomi Mi 10 Lite 64Gb,6099,https://www.gsmshop.md/product/view/xiaomi-mi-10-lite-64gb-grey.html,https://www.gsmshop.md/images/products/xiaomi_mi_10_lite_64gb_grey/xiaomi-mi-10-lite-grey.jpg
Xiaomi Mi 10 Lite 64Gb,6199,https://www.gsmshop.md/product/view/xiaomi-mi-10-lite-64gb-white.html,https://www.gsmshop.md/images/products/xiaomi_mi_10_lite_64gb_white/xiaomi-mi-10-lite-white.jpg
Xiaomi Mi 10T 128Gb,10055,https://www.gsmshop.md/product/view/xiaomi-mi-10t-128gb-black1.html,https://www.gsmshop.md/images/products/xiaomi_mi_10t_128gb_black1/xiaomi-mi-10t-moldova.jpg
Xiaomi Mi 10T Lite 128Gb,6621,https://www.gsmshop.md/product/view/xiaomi-mi-10t-lite-128gb-blue.html,https://www.gsmshop.md/images/products/xiaomi_mi_10t_lite_128gb_blue/xiaomi-mi-10t-lite-blue.jpg
Xiaomi Mi 10T Lite 128Gb,6621,https://www.gsmshop.md/product/view/xiaomi-mi-10t-lite-128gb-gray.html,https://www.gsmshop.md/images/products/xiaomi_mi_10t_lite_128gb_gray/xiaomi-mi-10t-lite-chisinau.jpg
Xiaomi Mi 10T Lite 64Gb,6133,https://www.gsmshop.md/product/view/xiaomi-mi-10t-lite-64gb-gray.html,https://www.gsmshop.md/images/products/xiaomi_mi_10t_lite_64gb_gray/xiaomi-mi-10t-lite-chisinau.jpg
Xiaomi Mi Note 10 Lite 64Gb,6307,https://www.gsmshop.md/product/view/xiaomi-mi-note-10-lite-64gb-black.html,https://www.gsmshop.md/images/products/xiaomi_mi_note_10_lite_64gb_black/xiaomi-mi-note-10-lite-vind.jpg
Xiaomi Mi Note 10 Lite 64Gb,6307,https://www.gsmshop.md/product/view/xiaomi-mi-note-10-lite-64gb-purple.html,https://www.gsmshop.md/images/products/xiaomi_mi_note_10_lite_64gb_purple/xiaomi-mi-note-10-lite-md.jpg
Xiaomi Poco F2 Pro 128Gb,9706,https://www.gsmshop.md/product/view/xiaomi-poco-f2-pro-128gb-blue.html,https://www.gsmshop.md/images/products/xiaomi_poco_f2_pro_128gb_blue/xiaomi-poco-f2-pro-blue.jpg
Xiaomi Poco F2 Pro 128Gb,9706,https://www.gsmshop.md/product/view/xiaomi-poco-f2-pro-128gb-grey.html,https://www.gsmshop.md/images/products/xiaomi_poco_f2_pro_128gb_grey/xiaomi-poco-f2-pro-128gb.jpg
Xiaomi Poco F2 Pro 128Gb,9706,https://www.gsmshop.md/product/view/xiaomi-poco-f2-pro-128gb-purple.html,https://www.gsmshop.md/images/products/xiaomi_poco_f2_pro_128gb_purple/xiaomi-poco-f2-pro-purple.jpg
Xiaomi Poco F2 Pro 128Gb,9706,https://www.gsmshop.md/product/view/xiaomi-poco-f2-pro-128gb-white.html,https://www.gsmshop.md/images/products/xiaomi_poco_f2_pro_128gb_white/xiaomi-poco-f2-pro-white.jpg
Xiaomi Poco M3 128Gb,4564,https://www.gsmshop.md/product/view/xiaomipocom3128gbblack.html,https://www.gsmshop.md/images/products/xiaomipocom3128gbblack/xiaomi-poco-m3.jpg
Xiaomi Poco M3 128Gb,4499,https://www.gsmshop.md/product/view/xiaomipocom3128gbblue.html,https://www.gsmshop.md/images/products/xiaomipocom3128gbblue/xiaomi-poco-m3-chisinau.jpg
Xiaomi Poco M3 64Gb,3954,https://www.gsmshop.md/product/view/xiaomipocom364gbblack.html,https://www.gsmshop.md/images/products/xiaomipocom364gbblack/xiaomi-poco-m3.jpg
Xiaomi Poco M3 64Gb,3954,https://www.gsmshop.md/product/view/xiaomipocom364gbblue.html,https://www.gsmshop.md/images/products/xiaomipocom364gbblue/xiaomi-poco-m3-chisinau.jpg
Xiaomi Poco X3 128Gb,5436,https://www.gsmshop.md/product/view/xiaomi-poco-x3-128gb-blue.html,https://www.gsmshop.md/images/products/xiaomi_poco_x3_128gb_blue/poco-x3-blue.jpg
Xiaomi Poco X3 128Gb,5436,https://www.gsmshop.md/product/view/xiaomi-poco-x3-128gb-grey.html,https://www.gsmshop.md/images/products/xiaomi_poco_x3_128gb_grey/poco-x3-chisinau.jpg
Xiaomi Poco X3 64Gb,4913,https://www.gsmshop.md/product/view/xiaomipocox364gbblue.html,https://www.gsmshop.md/images/products/xiaomipocox364gbblue/poco-x3-blue.jpg
Xiaomi Poco X3 64Gb,4913,https://www.gsmshop.md/product/view/xiaomipocox364gbgrey.html,https://www.gsmshop.md/images/products/xiaomipocox364gbgrey/poco-x3-chisinau.jpg
Xiaomi Redmi 9 32Gb,3048,https://www.gsmshop.md/product/view/xiaomi-redmi-9-32gb-green.html,https://www.gsmshop.md/images/products/xiaomi_redmi_9_32gb_green/xiaomi-redmi-9-green.jpg
Xiaomi Redmi 9 32Gb,2908,https://www.gsmshop.md/product/view/xiaomi-redmi-9-32gb-grey.html,https://www.gsmshop.md/images/products/xiaomi_redmi_9_32gb_grey/xiaomi-redmi-9-цена.jpg
Xiaomi Redmi 9 32Gb,2908,https://www.gsmshop.md/product/view/xiaomi-redmi-9-32gb-purple.html,https://www.gsmshop.md/images/products/xiaomi_redmi_9_32gb_purple/xiaomi-redmi-9-purple.jpg
Xiaomi Redmi 9 64Gb,3606,https://www.gsmshop.md/product/view/xiaomi-redmi-9-64gb-grey.html,https://www.gsmshop.md/images/products/xiaomi_redmi_9_64gb_grey/xiaomi-redmi-9-цена.jpg
Xiaomi Redmi 9 64Gb,3344,https://www.gsmshop.md/product/view/xiaomi-redmi-9-64gb-purple.html,https://www.gsmshop.md/images/products/xiaomi_redmi_9_64gb_purple/xiaomi-redmi-9-purple.jpg
Xiaomi Redmi 9A 32Gb,2473,https://www.gsmshop.md/product/view/xiaomi-redmi-9a-32gb-blue.html,https://www.gsmshop.md/images/products/xiaomi_redmi_9a_32gb_blue/xiaomi-redmi-9a-Кишинёв.jpg
Xiaomi Redmi 9A 32Gb,2525,https://www.gsmshop.md/product/view/xiaomi-redmi-9a-32gb-green.html,https://www.gsmshop.md/images/products/xiaomi_redmi_9a_32gb_green/xiaomi-redmi-9a-pret.jpg
Xiaomi Redmi 9A 32Gb,2473,https://www.gsmshop.md/product/view/xiaomi-redmi-9a-32gb-grey.html,https://www.gsmshop.md/images/products/xiaomi_redmi_9a_32gb_grey/xiaomi-redmi-9a-chisinau.jpg
Xiaomi Redmi 9C 64Gb,2996,https://www.gsmshop.md/product/view/xiaomi-redmi-9c-64gb-blue1.html,https://www.gsmshop.md/images/products/xiaomi_redmi_9c_64gb_blue1/xiaomi-redmi-9c-Кишинёв.jpg
Xiaomi Redmi Note 8 128Gb,3989,https://www.gsmshop.md/product/view/xiaomi-redmi-note-8-128gb-black.html,https://www.gsmshop.md/images/products/xiaomi_redmi_note_8_128gb_black/xiaomi-redmi-note-8-купить-в-Кишинёве.jpg
Xiaomi Redmi Note 8 128Gb,3989,https://www.gsmshop.md/product/view/xiaomi-redmi-note-8-128gb-blue.html,https://www.gsmshop.md/images/products/xiaomi_redmi_note_8_128gb_blue/xiaomi-redmi-note-8-cumpara.jpg
Xiaomi Redmi Note 8 64Gb,3728,https://www.gsmshop.md/product/view/xiaomi-redmi-note-8-64gb-black.html,https://www.gsmshop.md/images/products/xiaomi_redmi_note_8_64gb_black/xiaomi-redmi-note-8-купить-в-Кишинёве.jpg
Xiaomi Redmi Note 8 64Gb,3728,https://www.gsmshop.md/product/view/xiaomi-redmi-note-8-64gb-blue.html,https://www.gsmshop.md/images/products/xiaomi_redmi_note_8_64gb_blue/xiaomi-redmi-note-8-cumpara.jpg
Xiaomi Redmi Note 8 64Gb,3728,https://www.gsmshop.md/product/view/xiaomi-redmi-note-8-64gb-white.html,https://www.gsmshop.md/images/products/xiaomi_redmi_note_8_64gb_white/xiaomi-redmi-note-8-white.jpg
Xiaomi Redmi Note 8 Pro 128Gb,4686,https://www.gsmshop.md/product/view/xiaomi-redmi-note-8-pro-128gb-blue.html,https://www.gsmshop.md/images/products/xiaomi_redmi_note_8_pro_128gb_blue/xiaomi-redmi-note-8-pro-blue-md.jpg
Xiaomi Redmi Note 8 Pro 128Gb,4686,https://www.gsmshop.md/product/view/xiaomi-redmi-note-8-pro-128gb-green.html,https://www.gsmshop.md/images/products/xiaomi_redmi_note_8_pro_128gb_green/xiaomi-redmi-note-8-pro-pret.jpg
Xiaomi Redmi Note 8 Pro 128Gb,4686,https://www.gsmshop.md/product/view/xiaomi-redmi-note-8-pro-128gb-black.html,https://www.gsmshop.md/images/products/xiaomi_redmi_note_8_pro_128gb_black/xiaomi-redmi-note-8-pro-black.jpg
Xiaomi Redmi Note 8 Pro 128Gb,4686,https://www.gsmshop.md/product/view/xiaomi-redmi-note-8-pro-128gb-white.html,https://www.gsmshop.md/images/products/xiaomi_redmi_note_8_pro_128gb_white/xiaomi-redmi-note-8-pro-64gb.jpg
Xiaomi Redmi Note 8 Pro 64Gb,4041,https://www.gsmshop.md/product/view/xiaomi-redmi-note-8-pro-64gb-blue.html,https://www.gsmshop.md/images/products/xiaomi_redmi_note_8_pro_64gb_blue/xiaomi-redmi-note-8-pro-global.jpg
Xiaomi Redmi Note 8 Pro 64Gb,4041,https://www.gsmshop.md/product/view/xiaomi-redmi-note-8-pro-64gb-green.html,https://www.gsmshop.md/images/products/xiaomi_redmi_note_8_pro_64gb_green/xiaomi-redmi-note-8-pro-pret.jpg
Xiaomi Redmi Note 8 Pro 64Gb,4041,https://www.gsmshop.md/product/view/xiaomi-redmi-note-8-pro-64gb-black.html,https://www.gsmshop.md/images/products/xiaomi_redmi_note_8_pro_64gb_black/xiaomi-redmi-note-8-pro-black.jpg
Xiaomi Redmi Note 8 Pro 64Gb,4251,https://www.gsmshop.md/product/view/xiaomi-redmi-note-8-pro-64gb-white.html,https://www.gsmshop.md/images/products/xiaomi_redmi_note_8_pro_64gb_white/xiaomi-redmi-note-8-pro-64gb.jpg
Xiaomi Redmi Note 8T 64Gb,3501,https://www.gsmshop.md/product/view/xiaomi-redmi-note-8t-64gb-blue.html,https://www.gsmshop.md/images/products/xiaomi_redmi_note_8t_64gb_blue/xiaomi-redmi-note-8-cumpara.jpg
Xiaomi Redmi Note 8T 64Gb,3501,https://www.gsmshop.md/product/view/xiaomi-redmi-note-8-64gb-grey.html,https://www.gsmshop.md/images/products/xiaomi_redmi_note_8_64gb_grey/xiaomi-redmi-note-8-купить-в-Кишинёве.jpg
Xiaomi Redmi Note 9 128Gb,4129,https://www.gsmshop.md/product/view/xiaomi-redmi-note-9-128gb-green.html,https://www.gsmshop.md/images/products/xiaomi_redmi_note_9_128gb_green/xiaomi-redmi-note-9-green.jpg
Xiaomi Redmi Note 9 128Gb,4129,https://www.gsmshop.md/product/view/xiaomi-redmi-note-9-128gb-grey.html,https://www.gsmshop.md/images/products/xiaomi_redmi_note_9_128gb_grey/xiaomi-redmi-note-9-grey.jpg
Xiaomi Redmi Note 9 128Gb,4129,https://www.gsmshop.md/product/view/xiaomi-redmi-note-9-128gb-white.html,https://www.gsmshop.md/images/products/xiaomi_redmi_note_9_128gb_white/xiaomi-redmi-note-9-дёшево.jpg
Xiaomi Redmi Note 9 64Gb,3728,https://www.gsmshop.md/product/view/xiaomi-redmi-note-9-64gb-green.html,https://www.gsmshop.md/images/products/xiaomi_redmi_note_9_64gb_green/xiaomi-redmi-note-9-green.jpg
Xiaomi Redmi Note 9 64Gb,3728,https://www.gsmshop.md/product/view/xiaomi-redmi-note-9-64gb-grey.html,https://www.gsmshop.md/images/products/xiaomi_redmi_note_9_64gb_grey/xiaomi-redmi-note-9-grey.jpg
Xiaomi Redmi Note 9 64Gb,3728,https://www.gsmshop.md/product/view/xiaomi-redmi-note-9-64gb-white.html,https://www.gsmshop.md/images/products/xiaomi_redmi_note_9_64gb_white/xiaomi-redmi-note-9-купить.jpg
Xiaomi Redmi Note 9 Pro 128Gb,5523,https://www.gsmshop.md/product/view/xiaomi-redmi-note-9-pro-128gb-green.html,https://www.gsmshop.md/images/products/xiaomi_redmi_note_9_pro_128gb_green/xiaomi-redmi-note-9-pro-moldova-pret.jpg
Xiaomi Redmi Note 9 Pro 128Gb,5349,https://www.gsmshop.md/product/view/xiaomi-redmi-note-9-pro-128gb-grey.html,https://www.gsmshop.md/images/products/xiaomi_redmi_note_9_pro_128gb_grey/xiaomi-redmi-note-9-pro-grey.jpg
Xiaomi Redmi Note 9 Pro 128Gb,5523,https://www.gsmshop.md/product/view/xiaomi-redmi-note-9-pro-128gb-white.html,https://www.gsmshop.md/images/products/xiaomi_redmi_note_9_pro_128gb_white/xiaomi-redmi-note-9-pro-цена-в-Кишинёве.jpg
Xiaomi Redmi Note 9 Pro 64Gb,4651,https://www.gsmshop.md/product/view/xiaomi-redmi-note-9-pro-64gb-green.html,https://www.gsmshop.md/images/products/xiaomi_redmi_note_9_pro_64gb_green/xiaomi-redmi-note-9-pro-moldova-pret.jpg
Xiaomi Redmi Note 9 Pro 64Gb,4651,https://www.gsmshop.md/product/view/xiaomi-redmi-note-9-pro-64gb-grey.html,https://www.gsmshop.md/images/products/xiaomi_redmi_note_9_pro_64gb_grey/xiaomi-redmi-note-9-pro-grey.jpg
Xiaomi Redmi Note 9 Pro 64Gb,4651,https://www.gsmshop.md/product/view/xiaomi-redmi-note-9-pro-64gb-white.html,https://www.gsmshop.md/images/products/xiaomi_redmi_note_9_pro_64gb_white/xiaomi-redmi-note-9-pro-цена-в-Кишинёве.jpg
Xiaomi Redmi Note 9S 128Gb,4861,https://www.gsmshop.md/product/view/xiaomi-redmi-note-9s-128gb-blue.html,https://www.gsmshop.md/images/products/xiaomi_redmi_note_9s_128gb_blue/xiaomi-redmi-note-9s-blue.jpg
Xiaomi Redmi Note 9S 128Gb,4477,https://www.gsmshop.md/product/view/xiaomi-redmi-note-9s-128gb-grey.html,https://www.gsmshop.md/images/products/xiaomi_redmi_note_9s_128gb_grey/xiaomi-redmi-note-9s-купить.jpg
Xiaomi Redmi Note 9S 128Gb,4861,https://www.gsmshop.md/product/view/xiaomi-redmi-note-9s-128gb-white.html,https://www.gsmshop.md/images/products/xiaomi_redmi_note_9s_128gb_white/xiaomi-redmi-note-9s-Кишинёв.jpg
Xiaomi Redmi Note 9S 64Gb,4041,https://www.gsmshop.md/product/view/xiaomi-redmi-note-9s-64gb-blue.html,https://www.gsmshop.md/images/products/xiaomi_redmi_note_9s_64gb_blue/xiaomi-redmi-note-9s-blue.jpg
Xiaomi Redmi Note 9S 64Gb,4041,https://www.gsmshop.md/product/view/xiaomi-redmi-note-9s-64gb-grey.html,https://www.gsmshop.md/images/products/xiaomi_redmi_note_9s_64gb_grey/xiaomi-redmi-note-9s-купить.jpg
Xiaomi Redmi Note 9S 64Gb,4041,https://www.gsmshop.md/product/view/xiaomi-redmi-note-9s-64gb-white.html,https://www.gsmshop.md/images/products/xiaomi_redmi_note_9s_64gb_white/xiaomi-redmi-note-9s-Кишинёв.jpg
